Ensayo, Estimulo, Respuesta, Correcto, Aciertos, Errores, Hits, ContadorH, Rechazos, ContadorR, Falsas alarmas, ContadorF, Omisiones, ContadorM, Confidence, RTime1, RTime1b, RTime2, 
0,42,s,True,1,0,True,1,False,0,False,0,False,0,6,4.85986399651,3.35875606537,5.31329202652
1,487,n,True,2,0,False,1,True,1,False,0,False,0,1,3.55692195892,2.05581903458,1.80402088165
2,388,s,True,3,0,True,2,False,1,False,0,False,0,6,3.7553088665,2.25413799286,1.10299897194
3,581,n,True,4,0,False,2,True,2,False,0,False,0,1,4.56113481522,3.06002783775,1.60406494141
4,416,s,True,5,0,True,3,False,2,False,0,False,0,5,4.4589600563,2.95786213875,2.1059589386
5,305,s,False,5,1,False,3,False,2,True,1,False,0,6,3.85675311089,2.35561800003,1.0026409626
6,157,s,True,6,1,True,4,False,2,False,1,False,0,5,3.55602693558,2.05483794212,1.10274100304
7,526,n,True,7,1,False,4,True,3,False,1,False,0,1,3.35476303101,1.85369491577,1.40346002579
8,52,s,True,8,1,True,5,False,3,False,1,False,0,5,3.55933594704,2.05820918083,0.903001785278
9,410,s,True,9,1,True,6,False,3,False,1,False,0,5,6.0632610321,4.56213784218,1.30322098732
10,117,s,True,10,1,True,7,False,3,False,1,False,0,5,8.16800713539,6.66694998741,1.90494680405
11,561,n,True,11,1,False,7,True,4,False,1,False,0,2,5.86210298538,4.36114692688,1.10290694237
12,480,s,True,12,1,True,8,False,4,False,1,False,0,5,4.65316390991,3.15206408501,1.10258793831
13,194,n,True,13,1,False,8,True,5,False,1,False,0,1,3.35629320145,1.85522317886,1.00272607803
14,455,s,True,14,1,True,9,False,5,False,1,False,0,5,4.55742096901,3.05683302879,0.902645111084
15,544,n,True,15,1,False,9,True,6,False,1,False,0,2,3.55679702759,2.05571007729,1.10276412964
16,300,s,False,15,2,False,9,False,6,True,2,False,0,6,3.35488200188,1.85379505157,0.802140951157
17,371,s,True,16,2,True,10,False,6,False,2,False,0,6,3.25461506844,1.75348806381,0.802307128906
18,258,s,False,16,3,False,10,False,6,True,3,False,0,6,5.36058807373,3.85944509506,2.80681085587
19,81,s,True,17,3,True,11,False,6,False,3,False,0,5,4.25673484802,2.75566506386,0.802093029022
20,172,n,True,18,3,False,11,True,7,False,3,False,0,1,3.25552392006,1.75502490997,3.20819401741
21,295,n,True,19,3,False,11,True,8,False,3,False,0,1,2.85520386696,1.35406494141,1.2029569149
22,253,n,True,20,3,False,11,True,9,False,3,False,0,1,3.35490298271,1.8544588089,0.702082157135
23,447,s,True,21,3,True,12,False,9,False,3,False,0,5,5.05672383308,3.55561900139,0.70184803009
24,33,s,True,22,3,True,13,False,9,False,3,False,0,5,3.65782904625,2.15670108795,0.802165031433
25,509,n,True,23,3,False,13,True,10,False,3,False,0,1,3.2577958107,1.75670099258,1.00294685364
26,605,n,True,24,3,False,13,True,11,False,3,False,0,1,3.55607485771,2.05500292778,0.902500152588
27,67,s,True,25,3,True,14,False,11,False,3,False,0,5,3.0550339222,1.55444288254,0.802310943604
28,244,n,True,26,3,False,14,True,12,False,3,False,0,1,2.95485711098,1.45367503166,0.702074050903
29,634,n,True,27,3,False,14,True,13,False,3,False,0,1,3.6445980072,2.1435110569,1.00280880928
30,124,s,True,28,3,True,15,False,13,False,3,False,0,5,3.15517306328,1.65412211418,1.10286593437
31,252,n,True,29,3,False,15,True,14,False,3,False,0,2,2.85428094864,1.35308694839,1.80437898636
32,314,n,True,30,3,False,15,True,15,False,3,False,0,2,2.95495295525,1.45391798019,1.10279893875
33,92,s,True,31,3,True,16,False,15,False,3,False,0,5,4.25812292099,2.75693202019,0.902260065079
34,327,s,True,32,3,True,17,False,15,False,3,False,0,6,3.15571594238,1.65466094017,0.903012037277
35,212,n,True,33,3,False,17,True,16,False,3,False,0,1,3.55718517303,2.05602216721,1.00252604485
36,360,s,True,34,3,True,18,False,16,False,3,False,0,5,3.15540194511,1.65424799919,0.902302026749
37,563,n,True,35,3,False,18,True,17,False,3,False,0,1,3.05473995209,1.55363106728,1.10267710686
38,412,s,True,36,3,True,19,False,17,False,3,False,0,5,3.341132164,1.84006714821,1.20302796364
39,521,n,True,37,3,False,19,True,18,False,3,False,0,1,3.25592708588,1.75480914116,0.902195930481
40,284,n,True,38,3,False,19,True,19,False,3,False,0,1,4.25824117661,2.75718212128,2.30544996262
41,199,n,True,39,3,False,19,True,20,False,3,False,0,1,4.4590690136,2.95799803734,1.60454106331
42,578,n,True,40,3,False,19,True,21,False,3,False,0,1,2.95490884781,1.45370817184,0.902260065079
43,130,s,True,41,3,True,20,False,21,False,3,False,0,5,3.75829100609,2.25719594955,1.20295405388
44,470,s,True,42,3,True,21,False,21,False,3,False,0,5,3.2550599575,1.75389003754,0.902195930481
45,451,s,True,43,3,True,22,False,21,False,3,False,0,4,3.35448598862,1.85396718979,1.40372514725
46,606,n,True,44,3,False,22,True,22,False,3,False,0,1,3.45634412766,1.95524001122,1.80476498604
47,49,n,False,44,4,False,22,False,22,False,3,True,1,3,3.45510411263,1.95393800735,1.00275397301
48,41,s,True,45,4,True,23,False,22,False,3,False,1,5,3.35653877258,1.85541605949,0.501568078995
49,620,n,True,46,4,False,23,True,23,False,3,False,1,1,2.75487208366,1.25382709503,0.501335859299
50,310,n,True,47,4,False,23,True,24,False,3,False,1,1,2.85492992401,1.35373091698,1.00258803368
51,127,s,True,48,4,True,24,False,24,False,3,False,1,5,2.65429210663,1.15324687958,0.701862812042
52,268,n,True,49,4,False,24,True,25,False,3,False,1,1,3.40584897995,1.90479302406,1.20350790024
53,552,n,True,50,4,False,24,True,26,False,3,False,1,2,2.85510706902,1.35401701927,0.401383876801
54,140,s,True,51,4,True,25,False,26,False,3,False,1,5,2.65496516228,1.15390110016,0.701919078827
55,278,n,True,52,4,False,25,True,27,False,3,False,1,1,2.55402183533,1.05294489861,1.80462813377
56,223,n,True,53,4,False,25,True,28,False,3,False,1,1,2.95520997047,1.45402407646,0.501522064209
57,415,s,True,54,4,True,26,False,28,False,3,False,1,4,3.05728006363,1.55616998672,1.40366411209
58,583,n,True,55,4,False,26,True,29,False,3,False,1,1,3.24171280861,1.74052286148,0.902400016785
59,311,n,True,56,4,False,26,True,30,False,3,False,1,1,2.25246500969,0.751341819763,0.802073001862
60,19,s,True,57,4,True,27,False,30,False,3,False,1,5,2.95617294312,1.45503807068,0.401155948639
61,74,s,True,58,4,True,28,False,30,False,3,False,1,6,2.55512285233,1.05395293236,1.5037009716
62,504,n,True,59,4,False,28,True,31,False,3,False,1,1,2.34102106094,0.840070009232,0.602016925812
63,520,n,True,60,4,False,28,True,32,False,3,False,1,1,2.54172801971,1.0405061245,0.601615905762
64,271,n,True,61,4,False,28,True,33,False,3,False,1,1,2.5537340641,1.05265402794,0.601582050323
65,68,s,True,62,4,True,29,False,33,False,3,False,1,5,3.55734181404,2.05687499046,0.300712823868
66,594,n,True,63,4,False,29,True,34,False,3,False,1,1,2.34229493141,0.8411860466,1.30317902565
67,392,s,True,64,4,True,30,False,34,False,3,False,1,6,2.35504007339,0.853902101517,0.501249074936
68,454,s,True,65,4,True,31,False,34,False,3,False,1,6,2.5418920517,1.04079890251,0.601522922516
69,64,s,True,66,4,True,32,False,34,False,3,False,1,5,2.25314092636,0.752028942108,0.902070999146
70,61,s,True,67,4,True,33,False,34,False,3,False,1,5,2.05207109451,0.551020145416,0.401002883911
71,103,s,True,68,4,True,34,False,34,False,3,False,1,5,2.75357699394,1.25252008438,1.10311198235
72,198,n,True,69,4,False,34,True,35,False,3,False,1,1,2.05187606812,0.550678014755,0.701797008514
73,222,n,True,70,4,False,34,True,36,False,3,False,1,1,2.8554520607,1.35430693626,0.501425981522
74,177,n,True,71,4,False,34,True,37,False,3,False,1,1,2.35314893723,0.851949930191,0.401288986206
75,208,n,True,72,4,False,34,True,38,False,3,False,1,1,2.05291604996,0.551848888397,0.802484989166
76,569,n,True,73,4,False,34,True,39,False,3,False,1,2,2.95477390289,1.45367598534,0.902744054794
77,218,n,True,74,4,False,34,True,40,False,3,False,1,1,2.05268502235,0.551622152328,0.702430009842
78,184,n,True,75,4,False,34,True,41,False,3,False,1,1,1.95264291763,0.451550006866,0.401360034943
79,414,s,True,76,4,True,35,False,41,False,3,False,1,4,2.53937292099,1.03822803497,0.702214956284
80,50,s,True,77,4,True,36,False,41,False,3,False,1,5,2.45352005959,0.95233798027,0.401026010513
81,162,n,True,78,4,False,36,True,42,False,3,False,1,1,1.6535820961,0.15242099762,0.60204410553
82,207,n,True,79,4,False,36,True,43,False,3,False,1,1,3.15425992012,1.65382695198,1.9047100544
83,541,s,False,79,5,False,36,False,43,True,4,False,1,5,2.44004797935,0.938915967941,0.300840854645
84,297,n,True,80,5,False,36,True,44,False,4,False,1,1,2.15210700035,0.650912046432,0.802090883255
85,21,s,True,81,5,True,37,False,44,False,4,False,1,6,2.25316500664,0.752087116241,0.300829172134
86,102,s,True,82,5,True,38,False,44,False,4,False,1,6,2.85409402847,1.35286593437,0.602272987366
87,240,n,True,83,5,False,38,True,45,False,4,False,1,2,2.75458693504,1.25353288651,0.902472019196
88,523,n,True,84,5,False,38,True,46,False,4,False,1,2,2.65543794632,1.15430498123,0.902403831482
89,465,s,True,85,5,True,39,False,46,False,4,False,1,4,4.05660009384,2.55568814278,0.6016061306
90,613,n,True,86,5,False,39,True,47,False,4,False,1,1,2.65540385246,1.15432476997,0.802414894104
91,277,n,True,87,5,False,39,True,48,False,4,False,1,1,2.65424990654,1.15305709839,0.401142120361
92,45,s,True,88,5,True,40,False,48,False,4,False,1,5,5.05879092216,3.55774903297,1.00339722633
93,399,s,True,89,5,True,41,False,48,False,4,False,1,5,3.45620298386,1.9550640583,0.300793886185
94,73,s,True,90,5,True,42,False,48,False,4,False,1,5,2.85462903976,1.3535130024,0.601781845093
95,379,s,True,91,5,True,43,False,48,False,4,False,1,6,2.45230412483,0.951224088669,0.300781011581
96,384,s,True,92,5,True,44,False,48,False,4,False,1,6,2.0525739193,0.551484823227,0.601537942886
97,139,s,True,93,5,True,45,False,48,False,4,False,1,6,2.65416502953,1.15402603149,0.300812005997
98,345,s,True,94,5,True,46,False,48,False,4,False,1,6,2.55394387245,1.05306982994,0.301039934158
99,599,n,True,95,5,False,46,True,49,False,4,False,1,1,2.04145216942,0.540251970291,1.0025100708
100,348,s,True,96,5,True,47,False,49,False,4,False,1,6,2.65538406372,1.15420007706,0.80220413208
101,54,s,True,97,5,True,48,False,49,False,4,False,1,6,2.65397691727,1.15289092064,0.601634979248
102,131,s,True,98,5,True,49,False,49,False,4,False,1,5,2.45374417305,0.952669143677,0.501371145248
103,202,n,True,99,5,False,49,True,50,False,4,False,1,1,4.05764007568,2.55647993088,0.601603984833
104,380,s,True,100,5,True,50,False,50,False,4,False,1,5,3.55613398552,2.0549659729,0.601665019989
105,553,n,True,101,5,False,50,True,51,False,4,False,1,3,3.14512896538,1.64453697205,1.00226712227
106,10,s,True,102,5,True,51,False,51,False,4,False,1,6,3.05600881577,1.55515909195,1.20304894447
107,564,n,True,103,5,False,51,True,52,False,4,False,1,1,2.1531059742,0.652024030685,3.00758695602
108,91,s,True,104,5,True,52,False,52,False,4,False,1,5,2.25289392471,0.751770019531,0.501513004303
109,353,s,True,105,5,True,53,False,52,False,4,False,1,6,2.25382399559,0.752717971802,0.601722002029
110,84,s,True,106,5,True,54,False,52,False,4,False,1,6,1.75234007835,0.251138925552,0.501348018646
111,623,n,True,107,5,False,54,True,53,False,4,False,1,1,1.64678883553,0.145617961884,0.401244878769
112,444,s,True,108,5,True,55,False,53,False,4,False,1,6,3.54465484619,2.04347991943,0.702615976334
113,419,s,True,109,5,True,56,False,53,False,4,False,1,6,2.6556019783,1.15453410149,1.10300993919
114,596,n,True,110,5,False,56,True,54,False,4,False,1,1,1.95263314247,0.451583147049,0.601634979248
115,548,n,True,111,5,False,56,True,55,False,4,False,1,1,1.74842000008,0.24729013443,0.601633071899
116,291,n,True,112,5,False,56,True,56,False,4,False,1,1,1.6518881321,0.150774002075,0.40107011795
117,372,s,True,113,5,True,57,False,56,False,4,False,1,6,2.85560488701,1.35448479652,0.601624011993
118,332,s,True,114,5,True,58,False,56,False,4,False,1,6,2.05365800858,0.552584886551,0.300979137421
119,524,n,True,115,5,False,58,True,57,False,4,False,1,1,2.95362281799,1.45246386528,0.401062011719
120,386,s,True,116,5,True,59,False,57,False,4,False,1,6,1.75239610672,0.251254081726,0.501436948776
121,438,s,True,117,5,True,60,False,57,False,4,False,1,6,3.15181612968,1.65140509605,0.200752973557
122,326,s,True,118,5,True,61,False,57,False,4,False,1,6,2.65395212173,1.15287399292,0.401058912277
123,90,s,True,119,5,True,62,False,57,False,4,False,1,6,1.85272192955,0.351598024368,0.300940036774
124,567,n,True,120,5,False,62,True,58,False,4,False,1,1,2.75551581383,1.25437688828,0.40191411972
125,132,s,True,121,5,True,63,False,58,False,4,False,1,5,2.55398607254,1.05281996727,0.702428102493
126,95,s,True,122,5,True,64,False,58,False,4,False,1,5,2.55442786217,1.05333304405,0.400974988937
127,513,n,True,123,5,False,64,True,59,False,4,False,1,1,1.8523440361,0.351216077805,1.40366387367
128,538,n,True,124,5,False,64,True,60,False,4,False,1,1,1.95338988304,0.452225923538,0.802186965942
129,426,s,True,125,5,True,65,False,60,False,4,False,1,5,2.13872909546,0.637621879578,0.50140619278
130,152,s,True,126,5,True,66,False,60,False,4,False,1,5,1.85215210915,0.351006031036,0.501593112946
131,40,s,True,127,5,True,67,False,60,False,4,False,1,5,3.9579269886,2.45679211617,0.801978111267
132,315,n,True,128,5,False,67,True,61,False,4,False,1,1,2.05263614655,0.551464080811,0.602113008499
133,121,s,True,129,5,True,68,False,61,False,4,False,1,5,3.0538880825,1.55298304558,1.70424008369
134,214,n,True,130,5,False,68,True,62,False,4,False,1,1,3.35552000999,1.85434699059,0.401401042938
135,484,n,True,131,5,False,68,True,63,False,4,False,1,1,2.45343494415,0.952251911163,0.501528978348
136,70,s,True,132,5,True,69,False,63,False,4,False,1,5,3.25603199005,1.75583100319,0.401620149612
137,285,n,True,133,5,False,69,True,64,False,4,False,1,1,1.6527030468,0.151641130447,0.601657867432
138,241,n,True,134,5,False,69,True,65,False,4,False,1,1,1.75158905983,0.250482082367,0.601649045944
139,336,s,True,135,5,True,70,False,65,False,4,False,1,5,2.95512318611,1.45403504372,0.501249074936
140,296,n,True,136,5,False,70,True,66,False,4,False,1,1,2.05262804031,0.551551818848,1.10283613205
141,197,n,True,137,5,False,70,True,67,False,4,False,1,1,1.95348000526,0.452378034592,0.902651071548
142,262,n,True,138,5,False,70,True,68,False,4,False,1,2,3.25492501259,1.75446414948,0.701905012131
143,110,s,True,139,5,True,71,False,68,False,4,False,1,5,2.75450491905,1.25340795517,0.601711034775
144,209,n,True,140,5,False,71,True,69,False,4,False,1,1,2.35337901115,0.852261066437,2.30592298508
145,306,n,True,141,5,False,71,True,70,False,4,False,1,1,2.25327205658,0.752165079117,0.501358985901
146,255,n,True,142,5,False,71,True,71,False,4,False,1,1,1.95364093781,0.452625989914,0.602083921432
147,512,n,True,143,5,False,71,True,72,False,4,False,1,1,2.75460100174,1.25344395638,0.902163982391
148,313,n,True,144,5,False,71,True,73,False,4,False,1,1,1.65180683136,0.150626897812,0.601709842682
149,274,n,True,145,5,False,71,True,74,False,4,False,1,1,2.05380296707,0.552630186081,0.601557970047
150,14,s,True,146,5,True,72,False,74,False,4,False,1,5,2.95494198799,1.45376610756,0.401154994965
151,462,s,True,147,5,True,73,False,74,False,4,False,1,4,2.75390696526,1.25282502174,1.30379509926
152,402,s,True,148,5,True,74,False,74,False,4,False,1,4,2.74984502792,1.24867510796,1.10299897194
153,101,s,True,149,5,True,75,False,74,False,4,False,1,4,3.45715212822,1.95674204826,0.501568078995
154,23,n,False,149,6,False,75,False,74,False,4,True,2,2,3.35571193695,1.85538101196,0.701833963394
155,302,n,True,150,6,False,75,True,75,False,4,False,2,1,1.85251998901,0.351306915283,0.701842069626
156,411,s,True,151,6,True,76,False,75,False,4,False,2,5,4.24385499954,2.7434117794,0.300953865051
157,322,s,True,152,6,True,77,False,75,False,4,False,2,6,2.75438714027,1.2531709671,0.300847053528
158,236,n,True,153,6,False,77,True,76,False,4,False,2,1,7.16529297829,5.6642100811,0.501384019852
159,631,n,True,154,6,False,77,True,77,False,4,False,2,1,1.75356888771,0.252485990524,0.601450920105
160,585,n,True,155,6,False,77,True,78,False,4,False,2,1,1.75414800644,0.252926111221,0.601741790771
161,463,s,True,156,6,True,78,False,78,False,4,False,2,5,3.05509591103,1.55399394035,0.401114940643
162,600,n,True,157,6,False,78,True,79,False,4,False,2,1,1.95331406593,0.452177047729,0.702032804489
163,89,s,True,158,6,True,79,False,79,False,4,False,2,5,2.05287599564,0.551732063293,0.20058298111
164,272,n,True,159,6,False,79,True,80,False,4,False,2,1,2.05260801315,0.551931142807,0.701845884323
165,342,s,True,160,6,True,80,False,80,False,4,False,2,5,2.75489497185,1.25377488136,0.401206970215
166,145,s,True,161,6,True,81,False,80,False,4,False,2,6,1.8531088829,0.352002859116,0.40119099617
167,349,s,True,162,6,True,82,False,80,False,4,False,2,6,2.65514993668,1.15402698517,0.401093959808
168,574,n,True,163,6,False,82,True,81,False,4,False,2,1,2.85470104218,1.35352492332,0.501350879669
169,125,s,True,164,6,True,83,False,81,False,4,False,2,6,2.7542860508,1.25324606895,0.801933050156
170,378,s,True,165,6,True,84,False,81,False,4,False,2,6,2.35460186005,0.85344004631,0.602328062057
171,576,n,True,166,6,False,84,True,82,False,4,False,2,1,1.65102314949,0.149944067001,1.10286307335
172,62,s,True,167,6,True,85,False,82,False,4,False,2,6,2.15323185921,0.65204501152,0.902729988098
173,247,n,True,168,6,False,85,True,83,False,4,False,2,1,2.55497479439,1.05391478539,0.702110052109
174,107,s,True,169,6,True,86,False,83,False,4,False,2,6,2.4523229599,0.951153993607,0.601665019989
175,639,n,True,170,6,False,86,True,84,False,4,False,2,1,1.6507589817,0.14968085289,0.701947927475
176,15,n,False,170,7,False,86,False,84,False,4,True,3,2,2.955701828,1.45459699631,0.501404047012
177,453,n,False,170,8,False,86,False,84,False,4,True,4,2,5.86241006851,4.36134982109,0.601644039154
178,612,n,True,171,8,False,86,True,85,False,4,False,4,1,1.65259695053,0.151391029358,1.30316519737
179,608,n,True,172,8,False,86,True,86,False,4,False,4,1,1.65163087845,0.150452852249,0.902359008789
180,263,n,True,173,8,False,86,True,87,False,4,False,4,1,1.95169091225,0.450520992279,0.902906179428
181,366,s,True,174,8,True,87,False,87,False,4,False,4,6,2.75448012352,1.25333404541,0.601451158524
182,603,n,True,175,8,False,87,True,88,False,4,False,4,1,1.95248794556,0.451723098755,0.601758956909
183,304,n,True,176,8,False,87,True,89,False,4,False,4,1,1.75211405754,0.251065015793,0.702302932739
184,618,n,True,177,8,False,87,True,90,False,4,False,4,1,1.65175390244,0.150564193726,0.60187792778
185,558,n,True,178,8,False,87,True,91,False,4,False,4,2,2.64381814003,1.14275312424,1.1035630703
186,488,n,True,179,8,False,87,True,92,False,4,False,4,1,1.75303792953,0.251873016357,0.601657152176
187,408,s,True,180,8,True,88,False,92,False,4,False,4,5,2.14842796326,0.647552013397,0.501364946365
188,497,n,True,181,8,False,88,True,93,False,4,False,4,1,1.65265393257,0.151470899582,2.40624594688
189,338,s,True,182,8,True,89,False,93,False,4,False,4,6,2.45437407494,0.953249931335,0.601691007614
190,375,s,True,183,8,True,90,False,93,False,4,False,4,6,2.15390014648,0.65279507637,0.601461172104
191,137,s,True,184,8,True,91,False,93,False,4,False,4,6,1.95146298409,0.450298070908,0.602056026459
192,204,n,True,185,8,False,91,True,94,False,4,False,4,1,1.65167689323,0.150512933731,0.802313804626
193,111,s,True,186,8,True,92,False,94,False,4,False,4,6,2.5536980629,1.05259609222,0.902397155762
194,545,n,True,187,8,False,92,True,95,False,4,False,4,2,3.34177207947,1.84061598778,0.501376152039
195,422,s,True,188,8,True,93,False,95,False,4,False,4,5,3.15678715706,1.65562605858,1.30336999893
196,265,n,True,189,8,False,93,True,96,False,4,False,4,1,1.65099287033,0.15078496933,1.00263500214
197,120,s,True,190,8,True,94,False,96,False,4,False,4,5,3.75578188896,2.25467300415,0.5014128685
198,570,n,True,191,8,False,94,True,97,False,4,False,4,1,2.25316095352,0.752660989761,1.30367898941
199,129,s,True,192,8,True,95,False,97,False,4,False,4,6,2.45395112038,0.952794075012,0.701940059662
200,331,s,True,193,8,True,96,False,97,False,4,False,4,6,1.75319981575,0.252048969269,0.60182094574
201,622,n,True,194,8,False,96,True,98,False,4,False,4,1,1.64719700813,0.146133899689,0.802057027817
202,138,s,True,195,8,True,97,False,98,False,4,False,4,6,2.45482397079,0.953694105148,1.40358686447
203,34,n,False,195,9,False,97,False,98,False,4,True,5,1,1.65233516693,0.151235103607,1.40358090401
204,592,n,True,196,9,False,97,True,99,False,4,False,5,1,1.73976707458,0.238626003265,0.601489067078
205,151,s,True,197,9,True,98,False,99,False,4,False,5,5,2.6530790329,1.15193390846,2.10587406158
206,543,n,True,198,9,False,98,True,100,False,4,False,5,2,2.1537539959,0.652695894241,1.80468416214
207,624,n,True,199,9,False,98,True,101,False,4,False,5,1,1.63722014427,0.136137962341,0.902477025986
208,221,n,True,200,9,False,98,True,102,False,4,False,5,1,1.95289111137,0.451703071594,1.1035349369
209,593,n,True,201,9,False,98,True,103,False,4,False,5,1,1.65234184265,0.151254892349,1.10278606415
210,431,s,True,202,9,True,99,False,103,False,4,False,5,5,2.94024205208,1.43902897835,1.40366697311
211,539,n,True,203,9,False,99,True,104,False,4,False,5,1,1.65155696869,0.150398015976,1.20338201523
212,407,s,True,204,9,True,100,False,104,False,4,False,5,5,2.43962311745,0.939368963242,1.20325517654
213,299,n,True,205,9,False,100,True,105,False,4,False,5,1,1.65165495872,0.15044593811,0.701897144318
214,106,s,True,206,9,True,101,False,105,False,4,False,5,5,2.55484008789,1.05379700661,0.501392841339
215,228,n,True,207,9,False,101,True,106,False,4,False,5,1,1.6513800621,0.150202989578,0.801947116852
216,270,n,True,208,9,False,101,True,107,False,4,False,5,1,1.75185012817,0.250732898712,0.601778030396
217,292,n,True,209,9,False,101,True,108,False,4,False,5,1,1.85318517685,0.352075099945,0.501821041107
218,432,s,True,210,9,True,102,False,108,False,4,False,5,5,3.04123902321,1.54015398026,0.602088928223
219,580,n,True,211,9,False,102,True,109,False,4,False,5,1,1.65154695511,0.151080846786,1.20274591446
220,47,s,True,212,9,True,103,False,109,False,4,False,5,6,2.65421795845,1.15308690071,0.702168941498
221,276,n,True,213,9,False,103,True,110,False,4,False,5,1,1.85204100609,0.350901126862,1.10348105431
222,298,n,True,214,9,False,103,True,111,False,4,False,5,1,1.65157818794,0.150486946106,0.902405023575
223,287,n,True,215,9,False,103,True,112,False,4,False,5,1,1.9523730278,0.451196908951,0.702575922012
224,525,n,True,216,9,False,103,True,113,False,4,False,5,1,2.25368690491,0.752650976181,0.802031040192
225,352,s,True,217,9,True,104,False,113,False,4,False,5,6,2.65430593491,1.15370106697,1.0032119751
226,413,s,True,218,9,True,105,False,113,False,4,False,5,6,2.4486348629,0.947452068329,0.702477931976
227,590,n,True,219,9,False,105,True,114,False,4,False,5,1,1.84797906876,0.346829891205,4.11030983925
228,254,n,True,220,9,False,105,True,115,False,4,False,5,1,1.85217189789,0.3510658741,0.801984071732
229,362,s,True,221,9,True,106,False,115,False,4,False,5,5,1.95313310623,0.452066898346,0.701962947845
230,588,n,True,222,9,False,106,True,116,False,4,False,5,1,1.73755598068,0.236424922943,1.00269389153
231,167,n,True,223,9,False,106,True,117,False,4,False,5,1,1.65199685097,0.150943040848,0.501297950745
232,257,n,True,224,9,False,106,True,118,False,4,False,5,1,1.65262889862,0.151490926743,0.300800085068
233,301,n,True,225,9,False,106,True,119,False,4,False,5,1,1.65102505684,0.150043010712,0.200618028641
234,555,n,True,226,9,False,106,True,120,False,4,False,5,2,2.55419397354,1.05301785469,1.10298681259
235,188,n,True,227,9,False,106,True,121,False,4,False,5,1,1.65264606476,0.151484966278,0.902206897736
236,387,s,True,228,9,True,107,False,121,False,4,False,5,5,2.05167388916,0.550530910492,0.302444934845
237,63,s,True,229,9,True,108,False,121,False,4,False,5,5,1.65229105949,0.151171922684,1.30348706245
238,143,s,True,230,9,True,109,False,121,False,4,False,5,5,1.65151000023,0.150344133377,1.10298490524
239,347,s,True,231,9,True,110,False,121,False,4,False,5,6,2.85323596001,1.35209083557,1.10303997993
240,182,n,True,232,9,False,110,True,122,False,4,False,5,1,2.65436911583,1.15319013596,0.401204109192
241,148,s,True,233,9,True,111,False,122,False,4,False,5,6,2.55377602577,1.05272197723,0.300935029984
242,532,n,True,234,9,False,111,True,123,False,4,False,5,1,1.65172219276,0.150596141815,1.20322108269
243,31,s,True,235,9,True,112,False,123,False,4,False,5,5,2.95532417297,1.45424509048,1.50369310379
244,242,n,True,236,9,False,112,True,124,False,4,False,5,1,2.55362701416,1.05249190331,0.501388072968
245,494,n,True,237,9,False,112,True,125,False,4,False,5,1,1.65164613724,0.150505065918,0.200755119324
246,22,s,True,238,9,True,113,False,125,False,4,False,5,6,2.55479121208,1.0535800457,1.50428795815
247,53,s,True,239,9,True,114,False,125,False,4,False,5,6,1.65057206154,0.149420022964,0.80232000351
248,632,n,True,240,9,False,114,True,126,False,4,False,5,1,1.63968110085,0.138566017151,1.20317006111
249,161,n,True,241,9,False,114,True,127,False,4,False,5,1,1.65327596664,0.152087926865,0.100409030914
250,269,n,True,242,9,False,114,True,128,False,4,False,5,1,1.65155291557,0.150431871414,0.300884008408
251,351,s,True,243,9,True,115,False,128,False,4,False,5,6,1.85301399231,0.352629899979,0.701846122742
252,109,s,True,244,9,True,116,False,128,False,4,False,5,6,2.25315904617,0.752011060715,0.702397823334
253,390,s,True,245,9,True,117,False,128,False,4,False,5,6,1.65149593353,0.150337934494,1.00232601166
254,78,s,True,246,9,True,118,False,128,False,4,False,5,6,1.65260577202,0.151506185532,0.902517080307
255,251,n,True,247,9,False,118,True,129,False,4,False,5,1,1.85102105141,0.349936008453,0.401174068451
256,540,n,True,248,9,False,118,True,130,False,4,False,5,1,1.65251898766,0.151313066483,1.40384292603
257,303,n,True,249,9,False,118,True,131,False,4,False,5,1,1.65147399902,0.151101827621,0.601826906204
258,141,s,True,250,9,True,119,False,131,False,4,False,5,5,2.05320191383,0.552093982697,0.501475811005
259,44,s,True,251,9,True,120,False,131,False,4,False,5,5,1.95274090767,0.451689958572,0.501919031143
260,445,s,True,252,9,True,121,False,131,False,4,False,5,6,2.14123702049,0.640096902847,0.601584196091
261,190,n,True,253,9,False,121,True,132,False,4,False,5,1,1.6515879631,0.150460004807,0.902343988419
262,382,s,True,254,9,True,122,False,132,False,4,False,5,6,1.75187802315,0.250817060471,0.501346826553
263,266,n,True,255,9,False,122,True,133,False,4,False,5,1,2.55404901505,1.05297398567,0.902173042297
264,239,n,True,256,9,False,122,True,134,False,4,False,5,1,2.05375695229,0.55255818367,1.00285482407
265,308,n,True,257,9,False,122,True,135,False,4,False,5,1,1.65261888504,0.151385068893,1.10298991203
266,459,s,True,258,9,True,123,False,135,False,4,False,5,5,2.14922904968,0.648061990738,1.30332112312
267,397,s,True,259,9,True,124,False,135,False,4,False,5,5,1.75284385681,0.251610040665,1.40407299995
268,6,s,True,260,9,True,125,False,135,False,4,False,5,6,2.45479393005,0.953742980957,0.702229976654
269,496,n,True,261,9,False,125,True,136,False,4,False,5,1,1.85267114639,0.351593017578,2.00554800034
270,166,n,True,262,9,False,125,True,137,False,4,False,5,1,1.75225090981,0.251094818115,0.501991033554
271,485,n,True,263,9,False,125,True,138,False,4,False,5,1,1.65162706375,0.150503873825,0.60156583786
272,499,n,True,264,9,False,125,True,139,False,4,False,5,1,1.65072202682,0.149940013885,0.701842069626
273,505,n,True,265,9,False,125,True,140,False,4,False,5,1,2.03850483894,0.537318944931,1.10321712494
274,440,n,False,265,10,False,125,False,140,False,4,True,6,2,2.04913210869,0.547966003418,1.40346598625
275,187,n,True,266,10,False,125,True,141,False,4,False,6,1,1.65230917931,0.151746034622,1.30361294746
276,149,s,True,267,10,True,126,False,141,False,4,False,6,5,2.75444293022,1.25340008736,0.501967906952
277,486,n,True,268,10,False,126,True,142,False,4,False,6,1,1.65255093575,0.151391983032,1.30335497856
278,435,n,False,268,11,False,126,False,142,False,4,True,7,2,2.34286117554,0.841761112213,0.501345157623
279,191,n,True,269,11,False,126,True,143,False,4,False,7,1,1.65284490585,0.151667833328,1.2036550045
280,264,n,True,270,11,False,126,True,144,False,4,False,7,1,2.05242991447,0.551294803619,0.701998949051
281,179,n,True,271,11,False,126,True,145,False,4,False,7,1,1.651679039,0.150625944138,0.501286029816
282,627,n,True,272,11,False,126,True,146,False,4,False,7,1,1.65414309502,0.15295290947,0.300790071487
283,602,n,True,273,11,False,126,True,147,False,4,False,7,1,1.65164113045,0.15059709549,0.601670980453
284,238,n,True,274,11,False,126,True,148,False,4,False,7,1,1.65165114403,0.150531053543,0.902230024338
285,7,s,True,275,11,True,127,False,148,False,4,False,7,5,2.05305218697,0.551880121231,0.401629209518
286,82,s,True,276,11,True,128,False,148,False,4,False,7,5,1.65264606476,0.151564836502,0.200572967529
287,357,s,True,277,11,True,129,False,148,False,4,False,7,6,1.65060687065,0.149431943893,0.401068925858
288,282,n,True,278,11,False,129,True,149,False,4,False,7,1,1.65134000778,0.150198936462,0.301033973694
289,39,s,True,279,11,True,130,False,149,False,4,False,7,6,2.15349292755,0.65237402916,0.300885915756
290,196,n,True,280,11,False,130,True,150,False,4,False,7,1,1.65268087387,0.151584863663,0.902261018753
291,350,s,True,281,11,True,131,False,150,False,4,False,7,6,1.65173387527,0.150584936142,0.501320123672
292,275,n,True,282,11,False,131,True,151,False,4,False,7,1,1.75171399117,0.250528097153,0.501507997513
293,225,n,True,283,11,False,131,True,152,False,4,False,7,1,1.85261011124,0.351476192474,0.601624965668
294,9,s,True,284,11,True,132,False,152,False,4,False,7,6,1.75175309181,0.25068116188,0.501603126526
295,503,n,True,285,11,False,132,True,153,False,4,False,7,1,1.64665818214,0.145486116409,0.100354194641
296,24,s,True,286,11,True,133,False,153,False,4,False,7,5,2.05266213417,0.55156493187,0.300838947296
297,173,n,True,287,11,False,133,True,154,False,4,False,7,1,1.65210103989,0.150953054428,0.101849079132
298,246,n,True,288,11,False,133,True,155,False,4,False,7,1,1.95238399506,0.451251983643,0.50199007988
299,518,n,True,289,11,False,133,True,156,False,4,False,7,1,1.75113987923,0.249976873398,0.401047945023
300,542,s,False,289,12,False,133,False,156,True,5,False,7,5,1.83767414093,0.336567163467,0.501194000244
301,250,n,True,290,12,False,133,True,157,False,5,False,7,1,1.65207195282,0.151090860367,0.200631141663
302,478,s,True,291,12,True,134,False,157,False,5,False,7,5,1.6518239975,0.150727987289,0.702059030533
303,217,n,True,292,12,False,134,True,158,False,5,False,7,1,3.15593409538,1.65486907959,0.8024289608
304,1,n,False,292,13,False,134,False,158,False,5,True,8,2,1.65240812302,0.151304960251,0.200619935989
305,565,n,True,293,13,False,134,True,159,False,5,False,8,1,1.65218496323,0.15100312233,0.501446008682
306,396,s,True,294,13,True,135,False,159,False,5,False,8,5,2.75476789474,1.25450396538,0.401111125946
307,118,s,True,295,13,True,136,False,159,False,5,False,8,5,1.65155887604,0.150417089462,0.401098966599
308,248,n,True,296,13,False,136,True,160,False,5,False,8,1,1.65222501755,0.151170015335,0.501384973526
309,417,n,False,296,14,False,136,False,160,False,5,True,9,2,2.64924478531,1.14813518524,1.20341610909
310,267,n,True,297,14,False,136,True,161,False,5,False,9,1,1.95121002197,0.450123786926,1.10291481018
311,490,n,True,298,14,False,136,True,162,False,5,False,9,1,1.65204501152,0.150913953781,0.300850152969
312,323,s,True,299,14,True,137,False,162,False,5,False,9,5,1.95246696472,0.451410055161,0.300983905792
313,32,s,True,300,14,True,138,False,162,False,5,False,9,5,1.65335297585,0.152198076248,0.30152797699
314,318,n,True,301,14,False,138,True,163,False,5,False,9,1,1.6517469883,0.150565862656,2.30575299263
315,170,n,True,302,14,False,138,True,164,False,5,False,9,1,1.65062522888,0.14967918396,0.502476930618
316,377,s,True,303,14,True,139,False,164,False,5,False,9,4,2.05261993408,0.551437854767,0.902276992798
317,20,s,True,304,14,True,140,False,164,False,5,False,9,5,2.65417599678,1.15303206444,0.802206039429
318,354,s,True,305,14,True,141,False,164,False,5,False,9,5,3.85699605942,2.35587692261,0.30094408989
319,147,s,True,306,14,True,142,False,164,False,5,False,9,5,3.85756492615,2.3564081192,0.601510047913
320,423,s,True,307,14,True,143,False,164,False,5,False,9,5,1.65566706657,0.15446805954,0.401207208633
321,586,n,True,308,14,False,143,True,165,False,5,False,9,1,1.63868784904,0.137632131577,0.300757169724
322,420,s,True,309,14,True,144,False,165,False,5,False,9,5,1.65437483788,0.15324306488,0.300994873047
323,428,s,True,310,14,True,145,False,165,False,5,False,9,6,1.63690876961,0.136420965195,2.5064458847
324,171,n,True,311,14,False,145,True,166,False,5,False,9,1,1.95336604118,0.452328920364,0.501277923584
325,355,s,True,312,14,True,146,False,166,False,5,False,9,5,1.75183606148,0.250712871552,0.902493953705
326,113,s,True,313,14,True,147,False,166,False,5,False,9,5,1.65091896057,0.149971961975,0.401031017303
327,18,s,True,314,14,True,148,False,166,False,5,False,9,6,1.65205693245,0.150943994522,1.30344796181
328,340,s,True,315,14,True,149,False,166,False,5,False,9,6,1.65192294121,0.150758981705,1.80445194244
329,324,s,True,316,14,True,150,False,166,False,5,False,9,6,1.65160107613,0.15038895607,0.401206016541
330,58,s,True,317,14,True,151,False,166,False,5,False,9,5,1.65164804459,0.150567054749,0.802204847336
331,97,s,True,318,14,True,152,False,166,False,5,False,9,5,4.25834488869,2.75723409653,0.200709104538
332,514,n,True,319,14,False,152,True,167,False,5,False,9,1,1.95293903351,0.45188999176,0.701835155487
333,527,n,True,320,14,False,152,True,168,False,5,False,9,1,1.65203690529,0.150856971741,1.10279798508
334,456,n,False,320,15,False,152,False,168,False,5,True,10,3,1.74064207077,0.239577054977,1.30367803574
335,181,n,True,321,15,False,152,True,169,False,5,False,10,1,1.95241618156,0.451307058334,0.501402139664
336,192,n,True,322,15,False,152,True,170,False,5,False,10,1,1.85360002518,0.352402925491,0.701944112778
337,481,n,True,323,15,False,152,True,171,False,5,False,10,1,1.65224504471,0.151154994965,0.802086114883
338,460,n,False,323,16,False,152,False,171,False,5,True,11,3,2.25403785706,0.752825975418,0.501160144806
339,400,n,False,323,17,False,152,False,171,False,5,True,12,3,1.6515610218,0.150372982025,1.10281205177
340,122,s,True,324,17,True,153,False,171,False,5,False,12,5,5.86208891869,4.36098599434,0.401539087296
341,442,s,True,325,17,True,154,False,171,False,5,False,12,5,3.25625109673,1.75517106056,0.301323890686
342,587,n,True,326,17,False,154,True,172,False,5,False,12,1,2.15428996086,0.653132915497,0.400979995728
343,206,n,True,327,17,False,154,True,173,False,5,False,12,1,1.65281701088,0.152095079422,1.00249290466
344,200,n,True,328,17,False,154,True,174,False,5,False,12,1,1.65218091011,0.151068925858,0.80218911171
345,114,s,True,329,17,True,155,False,174,False,5,False,12,5,3.15456700325,1.65369486809,0.401035070419
346,611,n,True,330,17,False,155,True,175,False,5,False,12,1,1.65260195732,0.151491880417,1.00241112709
347,637,n,True,331,17,False,155,True,176,False,5,False,12,1,1.65272808075,0.151658058167,0.702047109604
348,346,n,False,331,18,False,155,False,176,False,5,True,13,2,4.35824799538,2.85712504387,1.20384597778
349,174,n,True,332,18,False,155,True,177,False,5,False,13,1,1.65161585808,0.150555849075,0.401186227798
350,530,n,True,333,18,False,155,True,178,False,5,False,13,1,1.65200686455,0.150912046432,0.501440048218
351,126,s,True,334,18,True,156,False,178,False,5,False,13,5,2.25295996666,0.751787900925,1.40370702744
352,358,s,True,335,18,True,157,False,178,False,5,False,13,5,1.65093398094,0.149854898453,0.100428819656
353,316,n,True,336,18,False,157,True,179,False,5,False,13,1,1.65169811249,0.150516986847,0.701792001724
354,568,n,True,337,18,False,157,True,180,False,5,False,13,1,1.65060210228,0.149454116821,0.601746082306
355,640,n,True,338,18,False,157,True,181,False,5,False,13,1,1.65141105652,0.150297880173,1.40369486809
356,466,s,True,339,18,True,158,False,181,False,5,False,13,6,2.85513806343,1.35401511192,0.701904058456
357,535,n,True,340,18,False,158,True,182,False,5,False,13,1,2.65450787544,1.15343379974,0.401067018509
358,394,s,True,341,18,True,159,False,182,False,5,False,13,6,2.25301980972,0.751887083054,0.401676893234
359,226,n,True,342,18,False,159,True,183,False,5,False,13,1,2.05304193497,0.551892995834,0.401695013046
360,598,n,True,343,18,False,159,True,184,False,5,False,13,1,2.04028701782,0.539230108261,0.501536846161
361,17,n,False,343,19,False,159,False,184,False,5,True,14,2,2.75423407555,1.25311398506,1.10364699364
362,458,n,False,343,20,False,159,False,184,False,5,True,15,2,2.15383005142,0.653239011765,1.40383005142
363,405,s,True,344,20,True,160,False,184,False,5,False,15,6,2.53974795341,1.03867602348,0.601724147797
364,178,n,True,345,20,False,160,True,185,False,5,False,15,1,1.65275788307,0.15164399147,1.20336985588
365,452,s,True,346,20,True,161,False,185,False,5,False,15,6,2.65352702141,1.15243315697,0.501513004303
366,429,s,True,347,20,True,162,False,185,False,5,False,15,6,2.94057393074,1.4393529892,0.501205921173
367,213,n,True,348,20,False,162,True,186,False,5,False,15,1,1.75193786621,0.250834941864,1.0024330616
368,210,n,True,349,20,False,162,True,187,False,5,False,15,1,1.75312709808,0.251996994019,0.802765846252
369,136,s,True,350,20,True,163,False,187,False,5,False,15,6,2.45350384712,0.953366994858,0.401154994965
370,406,s,True,351,20,True,164,False,187,False,5,False,15,6,2.53980612755,1.03871202469,0.300972938538
371,176,n,True,352,20,False,164,True,188,False,5,False,15,1,1.65297794342,0.15186715126,0.300901889801
372,589,n,True,353,20,False,164,True,189,False,5,False,15,1,1.8479039669,0.346755027771,0.401171922684
373,468,s,True,354,20,True,165,False,189,False,5,False,15,6,2.3537299633,0.853081941605,0.401257038116
374,519,n,True,355,20,False,165,True,190,False,5,False,15,1,1.65183186531,0.150638818741,0.300926923752
375,231,n,True,356,20,False,165,True,191,False,5,False,15,1,1.65153193474,0.150348186493,0.701742887497
376,522,n,True,357,20,False,165,True,192,False,5,False,15,1,1.65190315247,0.150759935379,0.300925016403
377,57,s,True,358,20,True,166,False,192,False,5,False,15,5,1.85185885429,0.35077381134,1.002368927
378,531,s,False,358,21,False,166,False,192,True,6,False,15,4,1.95337486267,0.452204942703,2.40642786026
379,189,n,True,359,21,False,166,True,193,False,6,False,15,1,2.15308904648,0.651944875717,1.70470094681
380,219,n,True,360,21,False,166,True,194,False,6,False,15,1,2.05373311043,0.552571058273,0.902383089066
381,87,s,True,361,21,True,167,False,194,False,6,False,15,5,1.85211586952,0.351000070572,1.40346193314
382,495,n,True,362,21,False,167,True,195,False,6,False,15,1,1.75189208984,0.250692129135,0.300888061523
383,76,s,True,363,21,True,168,False,195,False,6,False,15,6,2.05365300179,0.552585124969,0.50118303299
384,566,n,True,364,21,False,168,True,196,False,6,False,15,1,1.75188922882,0.250743150711,0.401036977768
385,328,s,True,365,21,True,169,False,196,False,6,False,15,6,2.15347599983,0.652328968048,0.300891876221
386,2,s,True,366,21,True,170,False,196,False,6,False,15,6,1.75117611885,0.250064134598,0.50133895874
387,475,s,True,367,21,True,171,False,196,False,6,False,15,5,2.04099392891,0.539853096008,1.30357313156
388,418,s,True,368,21,True,172,False,196,False,6,False,15,6,1.74722909927,0.246104955673,1.20391178131
389,635,n,True,369,21,False,172,True,197,False,6,False,15,1,1.8523709774,0.351136922836,0.501463890076
390,293,n,True,370,21,False,172,True,198,False,6,False,15,1,1.65276193619,0.151720046997,0.401510000229
391,146,s,True,371,21,True,173,False,198,False,6,False,15,5,2.75347304344,1.25235795975,0.601680040359
392,108,s,True,372,21,True,174,False,198,False,6,False,15,5,1.65125799179,0.150166034698,0.401314973831
393,215,n,True,373,21,False,174,True,199,False,6,False,15,1,1.6515789032,0.150375843048,0.902318000793
394,364,s,True,374,21,True,175,False,199,False,6,False,15,5,1.95235991478,0.45122385025,0.40128493309
395,232,n,True,375,21,False,175,True,200,False,6,False,15,2,1.65267920494,0.151473999023,1.10328388214
396,398,s,True,376,21,True,176,False,200,False,6,False,15,5,2.05183005333,0.550770044327,0.40098285675
397,500,n,True,377,21,False,176,True,201,False,6,False,15,1,1.65159392357,0.150408983231,0.802237033844
398,636,n,True,378,21,False,176,True,202,False,6,False,15,1,1.65105891228,0.149930000305,0.701915025711
399,511,n,True,379,21,False,176,True,203,False,6,False,15,1,1.63850188255,0.137490987778,0.70184803009
400,261,n,True,380,21,False,176,True,204,False,6,False,15,1,1.65266513824,0.150864124298,0.801999092102
401,493,n,True,381,21,False,176,True,205,False,6,False,15,1,1.95140886307,0.45031785965,0.701857089996
402,393,s,True,382,21,True,177,False,205,False,6,False,15,6,2.35286092758,0.851941108704,0.50123500824
403,638,n,True,383,21,False,177,True,206,False,6,False,15,1,1.64019989967,0.13905787468,0.50119304657
404,516,n,True,384,21,False,177,True,207,False,6,False,15,1,1.65256714821,0.151402950287,0.501339912415
405,36,s,True,385,21,True,178,False,207,False,6,False,15,6,1.75197005272,0.250877141953,0.401648044586
406,507,n,True,386,21,False,178,True,208,False,6,False,15,1,3.351115942,1.84996700287,0.200635194778
407,369,s,True,387,21,True,179,False,208,False,6,False,15,6,1.95240998268,0.451284885406,0.301027059555
408,549,s,False,387,22,False,179,False,208,True,7,False,15,5,1.63743495941,0.136356115341,1.00261497498
409,93,s,True,388,22,True,180,False,208,False,7,False,15,5,2.15303993225,0.651960849762,0.301012992859
410,409,s,True,389,22,True,181,False,208,False,7,False,15,5,1.63826704025,0.137123823166,0.401126861572
411,37,s,True,390,22,True,182,False,208,False,7,False,15,5,1.65225195885,0.151167869568,0.200556993484
412,100,s,True,391,22,True,183,False,208,False,7,False,15,5,1.95240998268,0.451282978058,0.401114940643
413,163,n,True,392,22,False,183,True,209,False,7,False,15,1,1.6509449482,0.149718046188,0.300825834274
414,501,n,True,393,22,False,183,True,210,False,7,False,15,1,1.64801502228,0.146918058395,0.601547002792
415,329,s,True,394,22,True,184,False,210,False,7,False,15,6,3.15580582619,1.65464091301,0.601834058762
416,224,n,True,395,22,False,184,True,211,False,7,False,15,2,2.35319185257,0.851957798004,0.501543998718
417,370,n,False,395,23,False,184,False,211,False,7,True,16,3,2.55405688286,1.05291080475,0.300773143768
418,610,n,True,396,23,False,184,True,212,False,7,False,16,1,1.75194811821,0.250774145126,0.300874948502
419,325,s,True,397,23,True,185,False,212,False,7,False,16,5,2.75386691093,1.25276994705,1.20310997963
420,180,n,True,398,23,False,185,True,213,False,7,False,16,1,1.65051412582,0.149444103241,0.100421905518
421,317,n,True,399,23,False,185,True,214,False,7,False,16,1,1.95329189301,0.452081918716,0.301214933395
422,193,n,True,400,23,False,185,True,215,False,7,False,16,1,1.75242185593,0.252254962921,0.200698137283
423,38,n,False,400,24,False,185,False,215,False,7,True,17,3,3.35698604584,1.85594511032,0.902371883392
424,13,s,True,401,24,True,186,False,215,False,7,False,17,5,3.45687222481,1.95582818985,0.50119304657
425,4,s,True,402,24,True,187,False,215,False,7,False,17,5,2.23684883118,0.735803127289,0.501793146133
426,492,n,True,403,24,False,187,True,216,False,7,False,17,1,3.55693793297,2.0561170578,0.401221990585
427,489,n,True,404,24,False,187,True,217,False,7,False,17,1,1.65163397789,0.150490999222,0.601680040359
428,119,s,True,405,24,True,188,False,217,False,7,False,17,5,1.65360593796,0.153021812439,0.401082038879
429,575,n,True,406,24,False,188,True,218,False,7,False,17,1,2.9550819397,1.45397186279,0.501286029816
430,28,s,True,407,24,True,189,False,218,False,7,False,17,5,1.654088974,0.152992963791,0.401103973389
431,104,s,True,408,24,True,190,False,218,False,7,False,17,6,1.65127801895,0.150312185287,0.200517177582
432,617,n,True,409,24,False,190,True,219,False,7,False,17,1,1.65274906158,0.151981115341,1.20326399803
433,573,n,True,410,24,False,190,True,220,False,7,False,17,1,1.65239500999,0.151346921921,0.802201032639
434,30,s,True,411,24,True,191,False,220,False,7,False,17,5,2.05299901962,0.551909208298,1.30381703377
435,604,n,True,412,24,False,191,True,221,False,7,False,17,1,1.65275621414,0.151664972305,0.401290178299
436,245,n,True,413,24,False,191,True,222,False,7,False,17,1,1.65184402466,0.150657892227,0.702080965042
437,233,n,True,414,24,False,191,True,223,False,7,False,17,1,1.95299887657,0.451831817627,0.602072000504
438,312,n,True,415,24,False,191,True,224,False,7,False,17,1,1.75144505501,0.250356912613,0.501260995865
439,439,s,True,416,24,True,192,False,224,False,7,False,17,5,1.75409889221,0.252873897552,0.501449108124
440,434,s,True,417,24,True,193,False,224,False,7,False,17,5,1.63804101944,0.137207984924,0.300826072693
441,510,n,True,418,24,False,193,True,225,False,7,False,17,1,1.64706802368,0.145918130875,0.902456045151
442,319,n,True,419,24,False,193,True,226,False,7,False,17,1,1.65261101723,0.151540994644,0.802110910416
443,158,s,True,420,24,True,194,False,226,False,7,False,17,6,2.05138707161,0.55020403862,0.300870895386
444,363,s,True,421,24,True,195,False,226,False,7,False,17,6,1.65274000168,0.151556015015,0.200716018677
445,105,s,True,422,24,True,196,False,226,False,7,False,17,6,1.65049004555,0.149320840836,0.200604200363
446,243,n,True,423,24,False,196,True,227,False,7,False,17,1,1.65285420418,0.151718139648,0.200815916061
447,48,s,True,424,24,True,197,False,227,False,7,False,17,6,2.05256414413,0.552134037018,0.401209115982
448,175,n,True,425,24,False,197,True,228,False,7,False,17,1,1.75307893753,0.251999855042,0.501516103745
449,365,s,True,426,24,True,198,False,228,False,7,False,17,5,2.25308799744,0.751905202866,1.20302915573
450,321,s,True,427,24,True,199,False,228,False,7,False,17,5,2.35388994217,0.852689027786,0.701723814011
451,582,n,True,428,24,False,199,True,229,False,7,False,17,1,1.83959412575,0.338505983353,0.300852060318
452,633,n,True,429,24,False,199,True,230,False,7,False,17,1,1.65151286125,0.150327920914,0.501468896866
453,479,s,True,430,24,True,200,False,230,False,7,False,17,6,1.74967384338,0.249215841293,0.401065826416
454,449,s,True,431,24,True,201,False,230,False,7,False,17,6,1.65099310875,0.149769067764,0.7018699646
455,333,s,True,432,24,True,202,False,230,False,7,False,17,6,1.65170502663,0.150531053543,0.501314878464
456,385,s,True,433,24,True,203,False,230,False,7,False,17,6,1.65105509758,0.149847984314,0.601248025894
457,562,n,True,434,24,False,203,True,231,False,7,False,17,1,1.65169501305,0.150551080704,0.501399040222
458,556,n,True,435,24,False,203,True,232,False,7,False,17,2,2.35389184952,0.852793931961,1.10306096077
459,391,s,True,436,24,True,204,False,232,False,7,False,17,6,2.15289711952,0.651772022247,0.401075839996
460,533,n,True,437,24,False,204,True,233,False,7,False,17,1,1.65258097649,0.151420116425,0.701986074448
461,60,s,True,438,24,True,205,False,233,False,7,False,17,6,1.65198111534,0.150887012482,0.701761007309
462,571,n,True,439,24,False,205,True,234,False,7,False,17,1,1.65188312531,0.150722026825,0.501621007919
463,72,s,True,440,24,True,206,False,234,False,7,False,17,5,1.65265989304,0.151489973068,1.2039680481
464,469,n,False,440,25,False,206,False,234,False,7,True,18,2,2.3546090126,0.853548049927,0.701840877533
465,368,s,True,441,25,True,207,False,234,False,7,False,18,6,2.15411305428,0.653053998947,0.300910949707
466,165,n,True,442,25,False,207,True,235,False,7,False,18,1,1.65163493156,0.150533914566,1.10278201103
467,607,n,True,443,25,False,207,True,236,False,7,False,18,1,1.65172100067,0.150536060333,0.501295804977
468,344,s,True,444,25,True,208,False,236,False,7,False,18,6,2.75319218636,1.25211811066,0.501228094101
469,46,s,True,445,25,True,209,False,236,False,7,False,18,5,1.75184488297,0.250693082809,0.501361131668
470,461,s,True,446,25,True,210,False,236,False,7,False,18,5,1.65330910683,0.152203083038,0.401146888733
471,529,n,True,447,25,False,210,True,237,False,7,False,18,1,1.65160608292,0.150557041168,0.90234208107
472,476,s,True,448,25,True,211,False,237,False,7,False,18,6,1.94112992287,0.44004201889,0.501331090927
473,79,s,True,449,25,True,212,False,237,False,7,False,18,6,2.352257967,0.851194858551,0.40155005455
474,404,s,True,450,25,True,213,False,237,False,7,False,18,6,1.64707994461,0.1459441185,0.601573944092
475,8,s,True,451,25,True,214,False,237,False,7,False,18,6,1.65153694153,0.150490999222,0.100382089615
476,156,s,True,452,25,True,215,False,237,False,7,False,18,6,1.65163111687,0.150416135788,2.60705113411
477,3,s,True,453,25,True,216,False,237,False,7,False,18,5,3.15673398972,1.6556429863,0.300920963287
478,135,s,True,454,25,True,217,False,237,False,7,False,18,5,1.65148687363,0.150929927826,0.200664043427
479,630,n,True,455,25,False,217,True,238,False,7,False,18,1,1.94767308235,0.446516990662,0.401252031326
480,133,s,True,456,25,True,218,False,238,False,7,False,18,6,2.25282788277,0.751780033112,0.301005840302
481,395,s,True,457,25,True,219,False,238,False,7,False,18,5,1.65064001083,0.14947104454,0.801920175552
482,517,n,True,458,25,False,219,True,239,False,7,False,18,1,1.65368199348,0.152492046356,0.100357055664
483,259,n,True,459,25,False,219,True,240,False,7,False,18,1,1.65157485008,0.150465011597,0.100346088409
484,615,n,True,460,25,False,219,True,241,False,7,False,18,1,1.65167307854,0.150501012802,0.300879955292
485,164,n,True,461,25,False,219,True,242,False,7,False,18,1,1.65201997757,0.150851011276,0.100537061691
486,584,n,True,462,25,False,219,True,243,False,7,False,18,1,1.6376709938,0.136492013931,0.10040307045
487,27,s,True,463,25,True,220,False,243,False,7,False,18,5,4.45836305618,2.9572160244,0.401270866394
488,528,n,True,464,25,False,220,True,244,False,7,False,18,2,3.75780701637,2.25702500343,0.60172700882
489,307,n,True,465,25,False,220,True,245,False,7,False,18,1,1.85229802132,0.351166963577,0.401237010956
490,96,s,True,466,25,True,221,False,245,False,7,False,18,5,2.25246095657,0.751553058624,0.401090860367
491,361,s,True,467,25,True,222,False,245,False,7,False,18,5,1.75243902206,0.251349925995,0.401369094849
492,249,n,True,468,25,False,222,True,246,False,7,False,18,1,1.85255289078,0.35141992569,0.200662851334
493,560,s,False,468,26,False,222,False,246,True,8,False,18,6,1.95342516899,0.452241182327,0.501146793365
494,403,s,True,469,26,True,223,False,246,False,8,False,18,6,1.63751888275,0.136382102966,0.100439071655
495,477,s,True,470,26,True,224,False,246,False,8,False,18,6,1.64140200615,0.140257835388,2.10491704941
496,115,s,True,471,26,True,225,False,246,False,8,False,18,6,2.55354905128,1.0524418354,0.300861120224
497,195,n,True,472,26,False,225,True,247,False,8,False,18,1,2.0526008606,0.551452159882,0.301045894623
498,559,s,False,472,27,False,225,False,247,True,9,False,18,6,3.65701603889,2.15596699715,0.501986980438
499,260,n,True,473,27,False,225,True,248,False,9,False,18,1,1.6526389122,0.151366949081,0.40126991272
500,625,n,True,474,27,False,225,True,249,False,9,False,18,1,1.646941185,0.146595954895,0.60177397728
501,356,n,False,474,28,False,225,False,249,False,9,True,19,3,2.35396099091,0.852873086929,1.10299897194
502,5,s,True,475,28,True,226,False,249,False,9,False,19,6,2.75570511818,1.25456309319,0.902611017227
503,381,s,True,476,28,True,227,False,249,False,9,False,19,6,2.15409803391,0.652945995331,0.300771951675
504,579,n,True,477,28,False,227,True,250,False,9,False,19,1,1.85178399086,0.350733041763,0.401086807251
505,234,n,True,478,28,False,227,True,251,False,9,False,19,1,1.75238990784,0.251294851303,0.300781011581
506,168,n,True,479,28,False,227,True,252,False,9,False,19,1,1.65105485916,0.14996099472,0.802066087723
507,376,s,True,480,28,True,228,False,252,False,9,False,19,6,3.25572490692,1.75479888916,0.301348209381
508,389,s,True,481,28,True,229,False,252,False,9,False,19,6,1.65424013138,0.153132915497,0.401025056839
509,43,s,True,482,28,True,230,False,252,False,9,False,19,6,1.65386390686,0.152705907822,1.00281190872
510,286,n,True,483,28,False,230,True,253,False,9,False,19,1,1.65118503571,0.150051116943,0.200669050217
511,227,n,True,484,28,False,230,True,254,False,9,False,19,1,1.65154409409,0.150386095047,0.401112794876
512,457,s,True,485,28,True,231,False,254,False,9,False,19,6,1.84123802185,0.340062856674,0.601855039597
513,337,s,True,486,28,True,232,False,254,False,9,False,19,6,1.65153622627,0.150391101837,0.401629924774
514,450,s,True,487,28,True,233,False,254,False,9,False,19,6,2.05486798286,0.553760051727,0.501564979553
515,75,s,True,488,28,True,234,False,254,False,9,False,19,5,1.75308799744,0.252681016922,0.90248298645
516,498,n,True,489,28,False,234,True,255,False,9,False,19,1,1.95294523239,0.451925039291,2.20557188988
517,153,s,True,490,28,True,235,False,255,False,9,False,19,5,1.95300197601,0.451817989349,0.401108026505
518,335,s,True,491,28,True,236,False,255,False,9,False,19,5,2.95422887802,1.45308184624,1.10283493996
519,83,s,True,492,28,True,237,False,255,False,9,False,19,5,2.15191102028,0.651426076889,0.602281093597
520,443,s,True,493,28,True,238,False,255,False,9,False,19,5,3.25540804863,1.75415611267,0.702403068542
521,116,s,True,494,28,True,239,False,255,False,9,False,19,6,2.05247282982,0.551335811615,0.401089906693
522,482,n,True,495,28,False,239,True,256,False,9,False,19,1,2.15292096138,0.651854038239,0.300884962082
523,289,n,True,496,28,False,239,True,257,False,9,False,19,1,1.65158414841,0.150441169739,0.802145957947
524,621,n,True,497,28,False,239,True,258,False,9,False,19,1,1.65402293205,0.152842998505,0.601624011993
525,441,s,True,498,28,True,240,False,258,False,9,False,19,5,1.85181379318,0.350620985031,0.301009893417
526,557,s,False,498,29,False,240,False,258,True,10,False,19,6,2.75501608849,1.25380992889,0.200680017471
527,235,n,True,499,29,False,240,True,259,False,10,False,19,2,2.45376896858,0.952715158463,0.702019929886
528,229,n,True,500,29,False,240,True,260,False,10,False,19,2,2.35358810425,0.852390050888,1.50479698181
529,472,s,True,501,29,True,241,False,260,False,10,False,19,5,6.46440720558,4.96322703362,0.401205062866
530,25,s,True,502,29,True,242,False,260,False,10,False,19,5,2.65402293205,1.15285086632,0.401101827621
531,185,n,True,503,29,False,242,True,261,False,10,False,19,1,1.95338106155,0.452158927917,0.401565074921
532,80,s,True,504,29,True,243,False,261,False,10,False,19,6,2.15288615227,0.651821136475,0.501884937286
533,98,s,True,505,29,True,244,False,261,False,10,False,19,6,2.55377197266,1.05263805389,0.300869941711
534,205,n,True,506,29,False,244,True,262,False,10,False,19,1,1.65264010429,0.151745080948,0.70189499855
535,383,s,True,507,29,True,245,False,262,False,10,False,19,6,2.35224103928,0.851182937622,0.301290035248
536,55,s,True,508,29,True,246,False,262,False,10,False,19,6,2.45358395576,0.952486991882,0.300967931747
537,159,s,True,509,29,True,247,False,262,False,10,False,19,6,1.75238800049,0.25119805336,0.300877094269
538,483,n,True,510,29,False,247,True,263,False,10,False,19,1,1.85199999809,0.350940942764,0.300909996033
539,123,s,True,511,29,True,248,False,263,False,10,False,19,6,1.85225701332,0.351104974747,0.401739120483
540,537,n,True,512,29,False,248,True,264,False,10,False,19,1,1.65162181854,0.150500059128,0.802244901657
541,609,n,True,513,29,False,248,True,265,False,10,False,19,1,1.65217113495,0.150952100754,0.401193857193
542,547,n,True,514,29,False,248,True,266,False,10,False,19,2,1.65382695198,0.152695894241,0.501646995544
543,201,n,True,515,29,False,248,True,267,False,10,False,19,1,1.6526799202,0.151341915131,0.801942825317
544,26,s,True,516,29,True,249,False,267,False,10,False,19,5,1.85230493546,0.351150035858,0.701797008514
545,330,s,True,517,29,True,250,False,267,False,10,False,19,6,1.65170192719,0.150520801544,1.90533804893
546,69,s,True,518,29,True,251,False,267,False,10,False,19,6,2.15269494057,0.651543855667,0.501351833344
547,256,n,True,519,29,False,251,True,268,False,10,False,19,1,2.05202007294,0.550826072693,0.401264190674
548,71,s,True,520,29,True,252,False,268,False,10,False,19,6,2.05274295807,0.551540136337,0.401139974594
549,128,s,True,521,29,True,253,False,268,False,10,False,19,6,1.65210700035,0.150980949402,0.301090955734
550,160,s,True,522,29,True,254,False,268,False,10,False,19,6,1.65160322189,0.15051317215,2.20556402206
551,203,n,True,523,29,False,254,True,269,False,10,False,19,1,1.85377407074,0.352641105652,0.5014128685
552,427,s,True,524,29,True,255,False,269,False,10,False,19,6,1.83841705322,0.337213993073,0.300914049149
553,424,s,True,525,29,True,256,False,269,False,10,False,19,6,1.63829898834,0.137154102325,0.501466989517
554,515,n,True,526,29,False,256,True,270,False,10,False,19,1,1.64039921761,0.139352083206,0.601630210876
555,425,s,True,527,29,True,257,False,270,False,10,False,19,5,2.75663995743,1.25549507141,0.300812005997
556,211,n,True,528,29,False,257,True,271,False,10,False,19,1,1.95322394371,0.452709913254,1.00252485275
557,183,n,True,529,29,False,257,True,272,False,10,False,19,1,1.85237908363,0.351165056229,0.702024936676
558,546,n,True,530,29,False,257,True,273,False,10,False,19,3,3.75731086731,2.25616788864,1.00274896622
559,279,n,True,531,29,False,257,True,274,False,10,False,19,1,1.6516160965,0.150480985641,0.501403093338
560,491,n,True,532,29,False,257,True,275,False,10,False,19,1,1.65159606934,0.150532960892,0.601706981659
561,134,s,True,533,29,True,258,False,275,False,10,False,19,5,2.55453896523,1.05349206924,0.301679849625
562,467,s,True,534,29,True,259,False,275,False,10,False,19,5,2.05375313759,0.552688121796,0.301510095596
563,436,s,True,535,29,True,260,False,275,False,10,False,19,6,1.65408110619,0.153007984161,0.802175045013
564,367,s,True,536,29,True,261,False,275,False,10,False,19,6,1.75449705124,0.25341796875,0.301492929459
565,281,n,True,537,29,False,261,True,276,False,10,False,19,1,1.6519780159,0.151509046555,0.100514173508
566,597,n,True,538,29,False,261,True,277,False,10,False,19,1,1.63686919212,0.136258125305,0.20069694519
567,446,s,True,539,29,True,262,False,277,False,10,False,19,5,2.9547560215,1.45362591743,0.30077290535
568,433,s,True,540,29,True,263,False,277,False,10,False,19,5,1.63781499863,0.136636972427,0.30096912384
569,11,s,True,541,29,True,264,False,277,False,10,False,19,5,1.65100693703,0.149882078171,0.100468873978
570,294,n,True,542,29,False,264,True,278,False,10,False,19,1,1.65306901932,0.151894807816,0.200654983521
571,601,n,True,543,29,False,264,True,279,False,10,False,19,1,1.65182304382,0.150648117065,0.701946020126
572,437,s,True,544,29,True,265,False,279,False,10,False,19,6,2.4396212101,0.93851518631,0.300760030746
573,551,n,True,545,29,False,265,True,280,False,10,False,19,3,3.25630688667,1.75514793396,0.701842069626
574,619,n,True,546,29,False,265,True,281,False,10,False,19,1,1.85240101814,0.351198196411,0.401085138321
575,508,n,True,547,29,False,265,True,282,False,10,False,19,1,1.64807796478,0.146909952164,0.902636051178
576,85,s,True,548,29,True,266,False,282,False,10,False,19,6,1.85253190994,0.351445913315,0.501700878143
577,142,s,True,549,29,True,267,False,282,False,10,False,19,6,1.65170311928,0.150603055954,0.401069879532
578,464,s,True,550,29,True,268,False,282,False,10,False,19,6,1.85207486153,0.350925922394,1.0026140213
579,359,s,True,551,29,True,269,False,282,False,10,False,19,6,1.65168404579,0.150481939316,0.4011759758
580,334,s,True,552,29,True,270,False,282,False,10,False,19,6,1.65209794044,0.150897026062,0.601720809937
581,16,s,True,553,29,True,271,False,282,False,10,False,19,6,1.65217900276,0.15106010437,0.601686954498
582,169,n,True,554,29,False,271,True,283,False,10,False,19,1,1.75203299522,0.251079082489,0.300819158554
583,56,s,True,555,29,True,272,False,283,False,10,False,19,6,1.65201497078,0.151923179626,0.200548887253
584,237,s,False,555,30,False,272,False,283,True,11,False,19,6,1.75269603729,0.251512050629,0.7018699646
585,629,n,True,556,30,False,272,True,284,False,11,False,19,1,1.63737797737,0.136208057404,0.701644182205
586,550,n,True,557,30,False,272,True,285,False,11,False,19,3,1.63820195198,0.137403964996,0.902348995209
587,309,n,True,558,30,False,272,True,286,False,11,False,19,1,1.65057206154,0.149488925934,1.20298504829
588,288,n,True,559,30,False,272,True,287,False,11,False,19,1,1.65147709846,0.150274991989,0.601428031921
589,283,n,True,560,30,False,272,True,288,False,11,False,19,1,1.65192389488,0.150674819946,0.401058912277
590,144,s,True,561,30,True,273,False,288,False,11,False,19,5,2.05249810219,0.55136013031,0.902248859406
591,614,n,True,562,30,False,273,True,289,False,11,False,19,1,1.65271186829,0.151517152786,1.00280094147
592,280,n,True,563,30,False,273,True,290,False,11,False,19,1,1.65159416199,0.150413036346,0.601996183395
593,29,s,True,564,30,True,274,False,290,False,11,False,19,6,2.35363388062,0.852506875992,0.40122294426
594,99,s,True,565,30,True,275,False,290,False,11,False,19,6,1.65146493912,0.150296926498,0.200604915619
595,471,n,False,565,31,False,275,False,290,False,11,True,20,3,3.04363489151,1.54298591614,0.301293134689
596,154,s,True,566,31,True,276,False,290,False,11,False,20,6,2.55428504944,1.05322098732,0.702469825745
597,343,s,True,567,31,True,277,False,290,False,11,False,20,6,1.75204205513,0.250860214233,0.302290916443
598,230,n,True,568,31,False,277,True,291,False,11,False,20,1,1.65145301819,0.150370836258,1.00291180611
599,534,n,True,569,31,False,277,True,292,False,11,False,20,1,1.65276312828,0.151673078537,0.200726032257
600,572,n,True,570,31,False,277,True,293,False,11,False,20,1,1.6517598629,0.150661945343,0.100327014923
601,474,n,False,570,32,False,277,False,293,False,11,True,21,3,1.95293211937,0.451819896698,0.902312994003
602,59,s,True,571,32,True,278,False,293,False,11,False,21,6,1.95243883133,0.451309919357,0.300848007202
603,506,n,True,572,32,False,278,True,294,False,11,False,21,1,1.63996577263,0.138729095459,0.300980091095
604,373,s,True,573,32,True,279,False,294,False,11,False,21,6,1.75182080269,0.250752925873,1.00255489349
605,595,n,True,574,32,False,279,True,295,False,11,False,21,1,1.64040613174,0.140006065369,0.401074171066
606,536,n,True,575,32,False,279,True,296,False,11,False,21,1,1.95217514038,0.45103096962,0.401109933853
607,401,s,True,576,32,True,280,False,296,False,11,False,21,5,2.95034599304,1.44927000999,0.401676893234
608,473,s,True,577,32,True,281,False,296,False,11,False,21,5,1.65269804001,0.151504039764,0.300687789917
609,88,s,True,578,32,True,282,False,296,False,11,False,21,5,1.75080895424,0.250144004822,0.401206970215
610,430,s,True,579,32,True,283,False,296,False,11,False,21,5,1.65378189087,0.152547836304,0.30085682869
611,341,s,True,580,32,True,284,False,296,False,11,False,21,6,1.65173196793,0.150939941406,2.1054058075
612,421,s,True,581,32,True,285,False,296,False,11,False,21,5,2.05532407761,0.554219007492,0.802360057831
613,339,s,True,582,32,True,286,False,296,False,11,False,21,6,1.6520690918,0.150908946991,0.601591825485
614,66,s,True,583,32,True,287,False,296,False,11,False,21,6,1.65267705917,0.151588916779,1.00285315514
615,155,s,True,584,32,True,288,False,296,False,11,False,21,6,2.053855896,0.55276799202,0.401014089584
616,216,n,True,585,32,False,288,True,297,False,11,False,21,1,2.25365710258,0.752403974533,0.401171922684
617,273,n,True,586,32,False,288,True,298,False,11,False,21,1,1.95340800285,0.452278852463,0.401679992676
618,65,s,True,587,32,True,289,False,298,False,11,False,21,5,2.55375981331,1.05259108543,0.501443147659
619,51,s,True,588,32,True,290,False,298,False,11,False,21,6,1.75134706497,0.250277996063,0.300723791122
620,35,s,True,589,32,True,291,False,298,False,11,False,21,6,1.65373802185,0.152626991272,0.702157974243
621,186,n,True,590,32,False,291,True,299,False,11,False,21,1,2.05220317841,0.550987958908,0.401193857193
622,448,n,False,590,33,False,291,False,299,False,11,True,22,2,2.74110507965,1.2398750782,0.601723909378
623,554,n,True,591,33,False,291,True,300,False,11,False,22,2,1.95303297043,0.45194196701,0.802376031876
624,77,s,True,592,33,True,292,False,300,False,11,False,22,5,2.65647602081,1.15526485443,0.401077985764
625,374,s,True,593,33,True,293,False,300,False,11,False,22,5,1.65269708633,0.152124166489,0.902207136154
626,112,s,True,594,33,True,294,False,300,False,11,False,22,6,1.65234613419,0.151145935059,0.802367925644
627,12,s,True,595,33,True,295,False,300,False,11,False,22,6,1.65237307549,0.151205062866,1.30344009399
628,502,n,True,596,33,False,295,True,301,False,11,False,22,1,2.05300593376,0.551814079285,0.501237154007
629,220,n,True,597,33,False,295,True,302,False,11,False,22,1,1.65069699287,0.149537086487,0.702054023743
630,290,n,True,598,33,False,295,True,303,False,11,False,22,1,1.95249891281,0.451335906982,0.501363039017
631,628,n,True,599,33,False,295,True,304,False,11,False,22,1,1.94783401489,0.44678401947,0.401281833649
632,94,s,True,600,33,True,296,False,304,False,11,False,22,6,2.85555005074,1.35437202454,0.602077007294
633,86,s,True,601,33,True,297,False,304,False,11,False,22,6,1.65272712708,0.152081012726,0.501368999481
634,320,n,True,602,33,False,297,True,305,False,11,False,22,1,2.05249810219,0.551337003708,0.501591920853
635,150,s,True,603,33,True,298,False,305,False,11,False,22,6,2.15388894081,0.65277504921,0.301061153412
636,616,n,True,604,33,False,298,True,306,False,11,False,22,1,1.75200510025,0.251549005508,1.10302615166
637,591,n,True,605,33,False,298,True,307,False,11,False,22,1,1.74814486504,0.24702000618,0.601689100266
638,577,n,True,606,33,False,298,True,308,False,11,False,22,1,2.15368700027,0.652449131012,0.501888036728
639,626,n,True,607,33,False,298,True,309,False,11,False,22,1,1.6372358799,0.136029958725,0.300932884216
2460.12097001