"","X.10","X.9","X.8","X.7","X.6","X.5","X.4","X.3","X.2","X.1","Ensayo","Estimulo","Comparacion","SignallPosition","Respuesta","Eleccion","OpcionPredicha","RTime1","RTime2","Hits","ContadorH","Rechazos","ContadorR","Falsas.alarmas","ContadorF","Omisiones","ContadorM","X","choice"
"1",1,1,1,1,1,1,1,1,1,1,0,104,"4 BS-AN","Right","left","AN",0,1.43403792381,0.43289399147,0,0,0,0,1,1,1,1,NA,"0"
"2",2,2,2,2,2,2,2,2,2,2,1,191,"6 AN-BN","None","right","BN",1,1.93526506424,0.934144020081,NA,0,NA,0,NA,1,NA,1,NA,"1"
"3",3,3,3,3,3,3,3,3,3,3,2,105,"4 BS-AN","Left","left","BS",1,1.92029094696,0.920167922974,1,1,1,1,0,1,0,1,NA,"0"
"4",4,4,4,4,4,4,4,4,4,4,3,148,"5 AS-BS","Both","right","AS",1,1.71980309486,0.71870803833,NA,1,NA,1,NA,1,NA,1,NA,"1"
"5",5,5,5,5,5,5,5,5,5,5,4,3,"1 AS-AN","Left","left","AS",1,1.63560819626,0.634418964386,1,2,1,2,0,1,0,1,NA,"0"
"6",6,6,6,6,6,6,6,6,6,6,5,172,"6 AN-BN","None","right","AN",0,3.23934912682,2.23887705803,NA,2,NA,2,NA,1,NA,1,NA,"1"
"7",7,7,7,7,7,7,7,7,7,7,6,32,"1 AS-AN","Right","right","AS",1,1.83147597313,0.830332994461,1,3,1,3,0,1,0,1,NA,"1"
"8",8,8,8,8,8,8,8,8,8,8,7,185,"6 AN-BN","None","right","BN",1,2.33501696587,1.33389592171,NA,3,NA,3,NA,1,NA,1,NA,"1"
"9",9,9,9,9,9,9,9,9,9,9,8,70,"2 AS-BN","Right","right","AS",1,1.73421001434,0.733016014099,1,4,1,4,0,1,0,1,NA,"1"
"10",10,10,10,10,10,10,10,10,10,10,9,124,"4 BS-AN","Right","right","BS",1,1.63230109215,0.631212949753,1,5,1,5,0,1,0,1,NA,"1"
"11",11,11,11,11,11,11,11,11,11,11,10,34,"3 BS-BN","Right","left","BN",0,2.02015185356,1.01895403862,0,5,0,5,1,2,1,2,NA,"0"
"12",12,12,12,12,12,12,12,12,12,12,11,6,"1 AS-AN","Right","right","AS",1,1.82016611099,0.819030046463,1,6,1,6,0,2,0,2,NA,"1"
"13",13,13,13,13,13,13,13,13,13,13,12,51,"3 BS-BN","Left","left","BS",1,1.63006806374,0.628835916519,1,7,1,7,0,2,0,2,NA,"0"
"14",14,14,14,14,14,14,14,14,14,14,13,52,"3 BS-BN","Right","right","BS",1,1.82007694244,0.818881034851,1,8,1,8,0,2,0,2,NA,"1"
"15",15,15,15,15,15,15,15,15,15,15,14,117,"4 BS-AN","Left","left","BS",1,2.23647403717,1.23542189598,1,9,1,9,0,2,0,2,NA,"0"
"16",16,16,16,16,16,16,16,16,16,16,15,149,"5 AS-BS","Both","left","AS",1,1.93586611748,0.934761047363,NA,9,NA,9,NA,2,NA,2,NA,"0"
"17",17,17,17,17,17,17,17,17,17,17,16,125,"4 BS-AN","Left","left","BS",1,2.03174805641,1.03064799309,1,10,1,10,0,2,0,2,NA,"0"
"18",18,18,18,18,18,18,18,18,18,18,17,61,"3 BS-BN","Left","left","BS",1,1.93508505821,0.933928012848,1,11,1,11,0,2,0,2,NA,"0"
"19",19,19,19,19,19,19,19,19,19,19,18,90,"2 AS-BN","Right","right","AS",1,1.81903886795,0.818825960159,1,12,1,12,0,2,0,2,NA,"1"
"20",20,20,20,20,20,20,20,20,20,20,19,99,"4 BS-AN","Left","left","BS",1,1.83637094498,0.83527302742,1,13,1,13,0,2,0,2,NA,"0"
"21",21,21,21,21,21,21,21,21,21,21,20,81,"2 AS-BN","Left","left","AS",1,1.73478603363,0.733572006226,1,14,1,14,0,2,0,2,NA,"0"
"22",22,22,22,22,22,22,22,22,22,22,21,39,"3 BS-BN","Left","right","BN",0,2.1335849762,1.13256883621,0,14,0,14,1,3,1,3,NA,"1"
"23",23,23,23,23,23,23,23,23,23,23,22,47,"3 BS-BN","Left","right","BN",0,2.1330370903,1.13189911842,0,14,0,14,1,4,1,4,NA,"1"
"24",24,24,24,24,24,24,24,24,24,24,23,102,"4 BS-AN","Right","left","AN",0,1.63575577736,0.634605169296,0,14,0,14,1,5,1,5,NA,"0"
"25",25,25,25,25,25,25,25,25,25,25,24,107,"4 BS-AN","Left","left","BS",1,1.93673491478,0.935623884201,1,15,1,15,0,5,0,5,NA,"0"
"26",26,26,26,26,26,26,26,26,26,26,25,103,"4 BS-AN","Left","left","BS",1,1.8361890316,0.835176944733,1,16,1,16,0,5,0,5,NA,"0"
"27",27,27,27,27,27,27,27,27,27,27,26,111,"4 BS-AN","Left","left","BS",1,1.83622002602,0.835060119629,1,17,1,17,0,5,0,5,NA,"0"
"28",28,28,28,28,28,28,28,28,28,28,27,162,"6 AN-BN","None","right","AN",0,1.83650588989,0.835353136063,NA,17,NA,17,NA,5,NA,5,NA,"1"
"29",29,29,29,29,29,29,29,29,29,29,28,63,"3 BS-BN","Left","left","BS",1,1.73489618301,0.73380112648,1,18,1,18,0,5,0,5,NA,"0"
"30",30,30,30,30,30,30,30,30,30,30,29,78,"2 AS-BN","Right","right","AS",1,1.73477101326,0.733631134033,1,19,1,19,0,5,0,5,NA,"1"
"31",31,31,31,31,31,31,31,31,31,31,30,174,"6 AN-BN","None","right","AN",0,1.73595690727,0.734887838364,NA,19,NA,19,NA,5,NA,5,NA,"1"
"32",32,32,32,32,32,32,32,32,32,32,31,129,"5 AS-BS","Both","right","BS",0,2.03671693802,1.03560185432,NA,19,NA,19,NA,5,NA,5,NA,"1"
"33",33,33,33,33,33,33,33,33,33,33,32,133,"5 AS-BS","Both","left","AS",1,2.02080178261,1.0197160244,NA,19,NA,19,NA,5,NA,5,NA,"0"
"34",34,34,34,34,34,34,34,34,34,34,33,158,"5 AS-BS","Both","right","AS",1,1.92059206963,0.919285058975,NA,19,NA,19,NA,5,NA,5,NA,"1"
"35",35,35,35,35,35,35,35,35,35,35,34,109,"4 BS-AN","Left","right","AN",0,2.03595995903,1.03487992287,0,19,0,19,1,6,1,6,NA,"1"
"36",36,36,36,36,36,36,36,36,36,36,35,31,"1 AS-AN","Left","left","AS",1,2.23308801651,1.231995821,1,20,1,20,0,6,0,6,NA,"0"
"37",37,37,37,37,37,37,37,37,37,37,36,122,"4 BS-AN","Right","right","BS",1,2.23525190353,1.2348921299,1,21,1,21,0,6,0,6,NA,"1"
"38",38,38,38,38,38,38,38,38,38,38,37,189,"6 AN-BN","None","right","BN",1,2.43657612801,1.43540906906,NA,21,NA,21,NA,6,NA,6,NA,"1"
"39",39,39,39,39,39,39,39,39,39,39,38,19,"1 AS-AN","Left","left","AS",1,3.03946805,2.03836607933,1,22,1,22,0,6,0,6,NA,"0"
"40",40,40,40,40,40,40,40,40,40,40,39,179,"6 AN-BN","None","right","BN",1,2.13325810432,1.13210391998,NA,22,NA,22,NA,6,NA,6,NA,"1"
"41",41,41,41,41,41,41,41,41,41,41,40,126,"4 BS-AN","Right","right","BS",1,1.83181214333,0.830717086792,1,23,1,23,0,6,0,6,NA,"1"
"42",42,42,42,42,42,42,42,42,42,42,41,140,"5 AS-BS","Both","left","BS",0,2.42164897919,1.42049884796,NA,23,NA,23,NA,6,NA,6,NA,"0"
"43",43,43,43,43,43,43,43,43,43,43,42,155,"5 AS-BS","Both","right","BS",0,1.81983494759,0.818800926208,NA,23,NA,23,NA,6,NA,6,NA,"1"
"44",44,44,44,44,44,44,44,44,44,44,43,22,"1 AS-AN","Right","right","AS",1,1.71970105171,0.718575954437,1,24,1,24,0,6,0,6,NA,"1"
"45",45,45,45,45,45,45,45,45,45,45,44,38,"3 BS-BN","Right","right","BS",1,2.13624286652,1.13599395752,1,25,1,25,0,6,0,6,NA,"1"
"46",46,46,46,46,46,46,46,46,46,46,45,145,"5 AS-BS","Both","left","AS",1,2.03541398048,1.03425312042,NA,25,NA,25,NA,6,NA,6,NA,"0"
"47",47,47,47,47,47,47,47,47,47,47,46,100,"4 BS-AN","Right","right","BS",1,1.7195391655,0.718442201614,1,26,1,26,0,6,0,6,NA,"1"
"48",48,48,48,48,48,48,48,48,48,48,47,87,"2 AS-BN","Left","left","AS",1,1.7350730896,0.734647035599,1,27,1,27,0,6,0,6,NA,"0"
"49",49,49,49,49,49,49,49,49,49,49,48,132,"5 AS-BS","Both","right","AS",1,1.83609700203,0.83497095108,NA,27,NA,27,NA,6,NA,6,NA,"1"
"50",50,50,50,50,50,50,50,50,50,50,49,12,"1 AS-AN","Right","left","AN",0,2.43647813797,1.43533205986,0,27,0,27,1,7,1,7,NA,"0"
"51",51,51,51,51,51,51,51,51,51,51,50,65,"2 AS-BN","Left","right","BN",0,1.73151302338,0.730926036835,0,27,0,27,1,8,1,8,NA,"1"
"52",52,52,52,52,52,52,52,52,52,52,51,138,"5 AS-BS","Both","right","AS",1,1.63554596901,0.634473085403,NA,27,NA,27,NA,8,NA,8,NA,"1"
"53",53,53,53,53,53,53,53,53,53,53,52,159,"5 AS-BS","Both","left","AS",1,2.53336691856,1.53223586082,NA,27,NA,27,NA,8,NA,8,NA,"0"
"54",54,54,54,54,54,54,54,54,54,54,53,84,"2 AS-BN","Right","right","AS",1,1.81944513321,0.818913936615,1,28,1,28,0,8,0,8,NA,"1"
"55",55,55,55,55,55,55,55,55,55,55,54,121,"4 BS-AN","Left","left","BS",1,1.83194494247,0.830785989761,1,29,1,29,0,8,0,8,NA,"0"
"56",56,56,56,56,56,56,56,56,56,56,55,20,"1 AS-AN","Right","right","AS",1,1.93566608429,0.934616088867,1,30,1,30,0,8,0,8,NA,"1"
"57",57,57,57,57,57,57,57,57,57,57,56,175,"6 AN-BN","None","left","AN",0,1.73586606979,0.734727144241,NA,30,NA,30,NA,8,NA,8,NA,"0"
"58",58,58,58,58,58,58,58,58,58,58,57,178,"6 AN-BN","None","left","BN",1,1.41908216476,0.417906045914,NA,30,NA,30,NA,8,NA,8,NA,"0"
"59",59,59,59,59,59,59,59,59,59,59,58,18,"1 AS-AN","Right","right","AS",1,1.4189209938,0.417822122574,1,31,1,31,0,8,0,8,NA,"1"
"60",60,60,60,60,60,60,60,60,60,60,59,128,"4 BS-AN","Right","right","BS",1,1.53112101555,0.529891014099,1,32,1,32,0,8,0,8,NA,"1"
"61",61,61,61,61,61,61,61,61,61,61,60,163,"6 AN-BN","None","left","AN",0,1.83572888374,0.834578990936,NA,32,NA,32,NA,8,NA,8,NA,"0"
"62",62,62,62,62,62,62,62,62,62,62,61,150,"5 AS-BS","Both","left","BS",0,1.93668198586,0.935585021973,NA,32,NA,32,NA,8,NA,8,NA,"0"
"63",63,63,63,63,63,63,63,63,63,63,62,139,"5 AS-BS","Both","left","AS",1,1.73602294922,0.734869003296,NA,32,NA,32,NA,8,NA,8,NA,"0"
"64",64,64,64,64,64,64,64,64,64,64,63,60,"3 BS-BN","Right","right","BS",1,1.63500499725,0.634682893753,1,33,1,33,0,8,0,8,NA,"1"
"65",65,65,65,65,65,65,65,65,65,65,64,25,"1 AS-AN","Left","left","AS",1,1.73619699478,0.735049962997,1,34,1,34,0,8,0,8,NA,"0"
"66",66,66,66,66,66,66,66,66,66,66,65,44,"3 BS-BN","Right","right","BS",1,1.73628115654,0.735218048096,1,35,1,35,0,8,0,8,NA,"1"
"67",67,67,67,67,67,67,67,67,67,67,66,143,"5 AS-BS","Both","right","BS",0,1.83130192757,0.830247879028,NA,35,NA,35,NA,8,NA,8,NA,"1"
"68",68,68,68,68,68,68,68,68,68,68,67,137,"5 AS-BS","Both","left","AS",1,1.71900296211,0.718729019165,NA,35,NA,35,NA,8,NA,8,NA,"0"
"69",69,69,69,69,69,69,69,69,69,69,68,64,"3 BS-BN","Right","right","BS",1,1.62064194679,0.61948299408,1,36,1,36,0,8,0,8,NA,"1"
"70",70,70,70,70,70,70,70,70,70,70,69,53,"3 BS-BN","Left","left","BS",1,1.73536705971,0.734676122665,1,37,1,37,0,8,0,8,NA,"0"
"71",71,71,71,71,71,71,71,71,71,71,70,177,"6 AN-BN","None","right","BN",1,1.53550481796,0.534374952316,NA,37,NA,37,NA,8,NA,8,NA,"1"
"72",72,72,72,72,72,72,72,72,72,72,71,58,"3 BS-BN","Right","right","BS",1,1.83227300644,0.831130981445,1,38,1,38,0,8,0,8,NA,"1"
"73",73,73,73,73,73,73,73,73,73,73,72,82,"2 AS-BN","Right","right","AS",1,1.53529596329,0.534185886383,1,39,1,39,0,8,0,8,NA,"1"
"74",74,74,74,74,74,74,74,74,74,74,73,69,"2 AS-BN","Left","left","AS",1,1.83417105675,0.833869934082,1,40,1,40,0,8,0,8,NA,"0"
"75",75,75,75,75,75,75,75,75,75,75,74,50,"3 BS-BN","Right","right","BS",1,2.13213515282,1.13107299805,1,41,1,41,0,8,0,8,NA,"1"
"76",76,76,76,76,76,76,76,76,76,76,75,75,"2 AS-BN","Left","left","AS",1,1.93655896187,0.935455083847,1,42,1,42,0,8,0,8,NA,"0"
"77",77,77,77,77,77,77,77,77,77,77,76,72,"2 AS-BN","Right","right","AS",1,1.93146204948,0.930279016495,1,43,1,43,0,8,0,8,NA,"1"
"78",78,78,78,78,78,78,78,78,78,78,77,93,"2 AS-BN","Left","left","AS",1,1.81899404526,0.818542003632,1,44,1,44,0,8,0,8,NA,"0"
"79",79,79,79,79,79,79,79,79,79,79,78,8,"1 AS-AN","Right","left","AN",0,1.93635821342,0.93524312973,0,44,0,44,1,9,1,9,NA,"0"
"80",80,80,80,80,80,80,80,80,80,80,79,146,"5 AS-BS","Both","right","AS",1,1.63378620148,0.632663011551,NA,44,NA,44,NA,9,NA,9,NA,"1"
"81",81,81,81,81,81,81,81,81,81,81,80,7,"1 AS-AN","Left","left","AS",1,1.9356648922,0.934601068497,1,45,1,45,0,9,0,9,NA,"0"
"82",82,82,82,82,82,82,82,82,82,82,81,33,"3 BS-BN","Left","right","BN",0,1.73625898361,0.735090970993,0,45,0,45,1,10,1,10,NA,"1"
"83",83,83,83,83,83,83,83,83,83,83,82,157,"5 AS-BS","Both","left","AS",1,1.81909704208,0.818856954575,NA,45,NA,45,NA,10,NA,10,NA,"0"
"84",84,84,84,84,84,84,84,84,84,84,83,154,"5 AS-BS","Both","right","AS",1,1.5343580246,0.533282995224,NA,45,NA,45,NA,10,NA,10,NA,"1"
"85",85,85,85,85,85,85,85,85,85,85,84,95,"2 AS-BN","Left","left","AS",1,1.83130192757,0.830143928528,1,46,1,46,0,10,0,10,NA,"0"
"86",86,86,86,86,86,86,86,86,86,86,85,55,"3 BS-BN","Left","left","BS",1,2.83420705795,1.83310008049,1,47,1,47,0,10,0,10,NA,"0"
"87",87,87,87,87,87,87,87,87,87,87,86,68,"2 AS-BN","Right","right","AS",1,1.51913499832,0.518103122711,1,48,1,48,0,10,0,10,NA,"1"
"88",88,88,88,88,88,88,88,88,88,88,87,36,"3 BS-BN","Right","right","BS",1,1.82000303268,0.81893491745,1,49,1,49,0,10,0,10,NA,"1"
"89",89,89,89,89,89,89,89,89,89,89,88,92,"2 AS-BN","Right","right","AS",1,1.53491997719,0.534071922302,1,50,1,50,0,10,0,10,NA,"1"
"90",90,90,90,90,90,90,90,90,90,90,89,161,"6 AN-BN","None","left","AN",0,1.83620715141,0.834954023361,NA,50,NA,50,NA,10,NA,10,NA,"0"
"91",91,91,91,91,91,91,91,91,91,91,90,113,"4 BS-AN","Left","right","AN",0,1.51926398277,0.518143892288,0,50,0,50,1,11,1,11,NA,"1"
"92",92,92,92,92,92,92,92,92,92,92,91,98,"4 BS-AN","Right","left","AN",0,1.61944913864,0.618330955505,0,50,0,50,1,12,1,12,NA,"0"
"93",93,93,93,93,93,93,93,93,93,93,92,108,"4 BS-AN","Right","right","BS",1,1.61984300613,0.618708133698,1,51,1,51,0,12,0,12,NA,"1"
"94",94,94,94,94,94,94,94,94,94,94,93,110,"4 BS-AN","Right","right","BS",1,1.63584303856,0.63463807106,1,52,1,52,0,12,0,12,NA,"1"
"95",95,95,95,95,95,95,95,95,95,95,94,14,"1 AS-AN","Right","right","AS",1,1.43541812897,0.434298992157,1,53,1,53,0,12,0,12,NA,"1"
"96",96,96,96,96,96,96,96,96,96,96,95,5,"1 AS-AN","Left","left","AS",1,1.43530011177,0.434258937836,1,54,1,54,0,12,0,12,NA,"0"
"97",97,97,97,97,97,97,97,97,97,97,96,127,"4 BS-AN","Left","left","BS",1,1.63434386253,0.633227825165,1,55,1,55,0,12,0,12,NA,"0"
"98",98,98,98,98,98,98,98,98,98,98,97,188,"6 AN-BN","None","right","AN",0,1.83320188522,0.832168102264,NA,55,NA,55,NA,12,NA,12,NA,"1"
"99",99,99,99,99,99,99,99,99,99,99,98,83,"2 AS-BN","Left","left","AS",1,1.73633885384,0.735111951828,1,56,1,56,0,12,0,12,NA,"0"
"100",100,100,100,100,100,100,100,100,100,100,99,116,"4 BS-AN","Right","right","BS",1,1.53571891785,0.534614801407,1,57,1,57,0,12,0,12,NA,"1"
"101",101,101,101,101,101,101,101,101,101,101,100,13,"1 AS-AN","Left","left","AS",1,1.83518815041,0.834016084671,1,58,1,58,0,12,0,12,NA,"0"
"102",102,102,102,102,102,102,102,102,102,102,101,66,"2 AS-BN","Right","right","AS",1,1.51937413216,0.518192052841,1,59,1,59,0,12,0,12,NA,"1"
"103",103,103,103,103,103,103,103,103,103,103,102,151,"5 AS-BS","Both","right","BS",0,1.73156809807,0.730559110641,NA,59,NA,59,NA,12,NA,12,NA,"1"
"104",104,104,104,104,104,104,104,104,104,104,103,173,"6 AN-BN","None","left","AN",0,1.83653306961,0.835482120514,NA,59,NA,59,NA,12,NA,12,NA,"0"
"105",105,105,105,105,105,105,105,105,105,105,104,37,"3 BS-BN","Left","right","BN",0,1.43422222137,0.43355512619,0,59,0,59,1,13,1,13,NA,"1"
"106",106,106,106,106,106,106,106,106,106,106,105,1,"1 AS-AN","Left","left","AS",1,2.23631215096,1.23524999619,1,60,1,60,0,13,0,13,NA,"0"
"107",107,107,107,107,107,107,107,107,107,107,106,114,"4 BS-AN","Right","left","AN",0,1.73191308975,0.730728149414,0,60,0,60,1,14,1,14,NA,"0"
"108",108,108,108,108,108,108,108,108,108,108,107,16,"1 AS-AN","Right","right","AS",1,1.83680891991,0.835629224777,1,61,1,61,0,14,0,14,NA,"1"
"109",109,109,109,109,109,109,109,109,109,109,108,119,"4 BS-AN","Left","left","BS",1,1.93547701836,0.934405088425,1,62,1,62,0,14,0,14,NA,"0"
"110",110,110,110,110,110,110,110,110,110,110,109,131,"5 AS-BS","Both","left","AS",1,1.73599600792,0.734935045242,NA,62,NA,62,NA,14,NA,14,NA,"0"
"111",111,111,111,111,111,111,111,111,111,111,110,183,"6 AN-BN","None","left","AN",0,2.23272705078,1.23210191727,NA,62,NA,62,NA,14,NA,14,NA,"0"
"112",112,112,112,112,112,112,112,112,112,112,111,164,"6 AN-BN","None","right","AN",0,1.91958999634,0.919084072113,NA,62,NA,62,NA,14,NA,14,NA,"1"
"113",113,113,113,113,113,113,113,113,113,113,112,73,"2 AS-BN","Left","left","AS",1,1.73115587234,0.730813026428,1,63,1,63,0,14,0,14,NA,"0"
"114",114,114,114,114,114,114,114,114,114,114,113,123,"4 BS-AN","Left","left","BS",1,1.53206205368,0.530992984772,1,64,1,64,0,14,0,14,NA,"0"
"115",115,115,115,115,115,115,115,115,115,115,114,67,"2 AS-BN","Left","left","AS",1,1.4352850914,0.434165000916,1,65,1,65,0,14,0,14,NA,"0"
"116",116,116,116,116,116,116,116,116,116,116,115,27,"1 AS-AN","Left","left","AS",1,1.63591790199,0.634720802307,1,66,1,66,0,14,0,14,NA,"0"
"117",117,117,117,117,117,117,117,117,117,117,116,74,"2 AS-BN","Right","right","AS",1,1.43071007729,0.430293083191,1,67,1,67,0,14,0,14,NA,"1"
"118",118,118,118,118,118,118,118,118,118,118,117,45,"3 BS-BN","Left","left","BS",1,1.73166108131,0.730584859848,1,68,1,68,0,14,0,14,NA,"0"
"119",119,119,119,119,119,119,119,119,119,119,118,10,"1 AS-AN","Right","left","AN",0,1.61932396889,0.618196964264,0,68,0,68,1,15,1,15,NA,"0"
"120",120,120,120,120,120,120,120,120,120,120,119,77,"2 AS-BN","Left","left","AS",1,1.83538389206,0.834927082062,1,69,1,69,0,15,0,15,NA,"0"
"121",121,121,121,121,121,121,121,121,121,121,120,115,"4 BS-AN","Left","left","BS",1,1.93660116196,0.93540096283,1,70,1,70,0,15,0,15,NA,"0"
"122",122,122,122,122,122,122,122,122,122,122,121,28,"1 AS-AN","Right","right","AS",1,1.5357978344,0.534476041794,1,71,1,71,0,15,0,15,NA,"1"
"123",123,123,123,123,123,123,123,123,123,123,122,11,"1 AS-AN","Left","left","AS",1,1.73501706123,0.733823060989,1,72,1,72,0,15,0,15,NA,"0"
"124",124,124,124,124,124,124,124,124,124,124,123,26,"1 AS-AN","Right","right","AS",1,1.63593792915,0.634784936905,1,73,1,73,0,15,0,15,NA,"1"
"125",125,125,125,125,125,125,125,125,125,125,124,192,"6 AN-BN","None","right","AN",0,1.63553309441,0.63445186615,NA,73,NA,73,NA,15,NA,15,NA,"1"
"126",126,126,126,126,126,126,126,126,126,126,125,156,"5 AS-BS","Both","left","BS",0,1.61959886551,0.618515014648,NA,73,NA,73,NA,15,NA,15,NA,"0"
"127",127,127,127,127,127,127,127,127,127,127,126,21,"1 AS-AN","Left","left","AS",1,1.63596200943,0.63480091095,1,74,1,74,0,15,0,15,NA,"0"
"128",128,128,128,128,128,128,128,128,128,128,127,170,"6 AN-BN","None","right","AN",0,1.93680500984,0.935684919357,NA,74,NA,74,NA,15,NA,15,NA,"1"
"129",129,129,129,129,129,129,129,129,129,129,128,40,"3 BS-BN","Right","right","BS",1,1.63208580017,0.630925178528,1,75,1,75,0,15,0,15,NA,"1"
"130",130,130,130,130,130,130,130,130,130,130,129,85,"2 AS-BN","Left","left","AS",1,1.51870679855,0.518127202988,1,76,1,76,0,15,0,15,NA,"0"
"131",131,131,131,131,131,131,131,131,131,131,130,94,"2 AS-BN","Right","left","BN",0,1.53620791435,0.535244941711,0,76,0,76,1,16,1,16,NA,"0"
"132",132,132,132,132,132,132,132,132,132,132,131,48,"3 BS-BN","Right","right","BS",1,1.51919698715,0.518067121506,1,77,1,77,0,16,0,16,NA,"1"
"133",133,133,133,133,133,133,133,133,133,133,132,9,"1 AS-AN","Left","left","AS",1,1.31857514381,0.31746506691,1,78,1,78,0,16,0,16,NA,"0"
"134",134,134,134,134,134,134,134,134,134,134,133,160,"5 AS-BS","Both","left","BS",0,1.63124203682,0.630185842514,NA,78,NA,78,NA,16,NA,16,NA,"0"
"135",135,135,135,135,135,135,135,135,135,135,134,30,"1 AS-AN","Right","right","AS",1,1.43531179428,0.434123039246,1,79,1,79,0,16,0,16,NA,"1"
"136",136,136,136,136,136,136,136,136,136,136,135,62,"3 BS-BN","Right","left","BN",0,1.33132195473,0.330237865448,0,79,0,79,1,17,1,17,NA,"0"
"137",137,137,137,137,137,137,137,137,137,137,136,147,"5 AS-BS","Both","left","AS",1,1.51930999756,0.518183946609,NA,79,NA,79,NA,17,NA,17,NA,"0"
"138",138,138,138,138,138,138,138,138,138,138,137,153,"5 AS-BS","Both","left","AS",1,1.43408298492,0.433485984802,NA,79,NA,79,NA,17,NA,17,NA,"0"
"139",139,139,139,139,139,139,139,139,139,139,138,134,"5 AS-BS","Both","left","BS",0,1.41905403137,0.41797208786,NA,79,NA,79,NA,17,NA,17,NA,"0"
"140",140,140,140,140,140,140,140,140,140,140,139,167,"6 AN-BN","None","right","BN",1,1.63584899902,0.634759902954,NA,79,NA,79,NA,17,NA,17,NA,"1"
"141",141,141,141,141,141,141,141,141,141,141,140,184,"6 AN-BN","None","right","AN",0,1.61959695816,0.618432998657,NA,79,NA,79,NA,17,NA,17,NA,"1"
"142",142,142,142,142,142,142,142,142,142,142,141,182,"6 AN-BN","None","left","BN",1,2.13289308548,1.13178706169,NA,79,NA,79,NA,17,NA,17,NA,"0"
"143",143,143,143,143,143,143,143,143,143,143,142,120,"4 BS-AN","Right","left","AN",0,1.73464918137,0.73358798027,0,79,0,79,1,18,1,18,NA,"0"
"144",144,144,144,144,144,144,144,144,144,144,143,57,"3 BS-BN","Left","right","BN",0,1.4308488369,0.429902076721,0,79,0,79,1,19,1,19,NA,"1"
"145",145,145,145,145,145,145,145,145,145,145,144,80,"2 AS-BN","Right","right","AS",1,1.63411307335,0.633857011795,1,80,1,80,0,19,0,19,NA,"1"
"146",146,146,146,146,146,146,146,146,146,146,145,88,"2 AS-BN","Right","right","AS",1,1.52207708359,0.521866083145,1,81,1,81,0,19,0,19,NA,"1"
"147",147,147,147,147,147,147,147,147,147,147,146,49,"3 BS-BN","Left","left","BS",1,1.51931095123,0.51814699173,1,82,1,82,0,19,0,19,NA,"0"
"148",148,148,148,148,148,148,148,148,148,148,147,76,"2 AS-BN","Right","right","AS",1,1.51918911934,0.518054008484,1,83,1,83,0,19,0,19,NA,"1"
"149",149,149,149,149,149,149,149,149,149,149,148,181,"6 AN-BN","None","right","BN",1,1.33432197571,0.334112882614,NA,83,NA,83,NA,19,NA,19,NA,"1"
"150",150,150,150,150,150,150,150,150,150,150,149,96,"2 AS-BN","Right","right","AS",1,1.52974414825,0.528813123703,1,84,1,84,0,19,0,19,NA,"1"
"151",151,151,151,151,151,151,151,151,151,151,150,15,"1 AS-AN","Left","left","AS",1,1.31861281395,0.31746506691,1,85,1,85,0,19,0,19,NA,"0"
"152",152,152,152,152,152,152,152,152,152,152,151,35,"3 BS-BN","Left","left","BS",1,1.21786308289,0.217285871506,1,86,1,86,0,19,0,19,NA,"0"
"153",153,153,153,153,153,153,153,153,153,153,152,136,"5 AS-BS","Both","left","BS",0,1.33103203773,0.329907894135,NA,86,NA,86,NA,19,NA,19,NA,"0"
"154",154,154,154,154,154,154,154,154,154,154,153,91,"2 AS-BN","Left","left","AS",1,1.33507704735,0.333880901337,1,87,1,87,0,19,0,19,NA,"0"
"155",155,155,155,155,155,155,155,155,155,155,154,169,"6 AN-BN","None","right","BN",1,1.13560700417,0.134479999542,NA,87,NA,87,NA,19,NA,19,NA,"1"
"156",156,156,156,156,156,156,156,156,156,156,155,23,"1 AS-AN","Left","left","AS",1,1.2184240818,0.217297077179,1,88,1,88,0,19,0,19,NA,"0"
"157",157,157,157,157,157,157,157,157,157,157,156,190,"6 AN-BN","None","right","AN",0,1.43112897873,0.429855108261,NA,88,NA,88,NA,19,NA,19,NA,"1"
"158",158,158,158,158,158,158,158,158,158,158,157,4,"1 AS-AN","Right","right","AS",1,1.51919102669,0.518234968185,1,89,1,89,0,19,0,19,NA,"1"
"159",159,159,159,159,159,159,159,159,159,159,158,2,"1 AS-AN","Right","left","AN",0,1.51916193962,0.518026828766,0,89,0,89,1,20,1,20,NA,"0"
"160",160,160,160,160,160,160,160,160,160,160,159,46,"3 BS-BN","Right","left","BN",0,1.23359704018,0.23252415657,0,89,0,89,1,21,1,21,NA,"0"
"161",161,161,161,161,161,161,161,161,161,161,160,101,"4 BS-AN","Left","left","BS",1,1.2344648838,0.233525037766,1,90,1,90,0,21,0,21,NA,"0"
"162",162,162,162,162,162,162,162,162,162,162,161,176,"6 AN-BN","None","left","BN",1,1.3187379837,0.317764997482,NA,90,NA,90,NA,21,NA,21,NA,"0"
"163",163,163,163,163,163,163,163,163,163,163,162,17,"1 AS-AN","Left","left","AS",1,1.13461303711,0.133470058441,1,91,1,91,0,21,0,21,NA,"0"
"164",164,164,164,164,164,164,164,164,164,164,163,135,"5 AS-BS","Both","left","AS",1,1.13403201103,0.133492946625,NA,91,NA,91,NA,21,NA,21,NA,"0"
"165",165,165,165,165,165,165,165,165,165,165,164,106,"4 BS-AN","Right","left","AN",0,1.13453388214,0.133387088776,0,91,0,91,1,22,1,22,NA,"0"
"166",166,166,166,166,166,166,166,166,166,166,165,186,"6 AN-BN","None","right","AN",0,1.12238097191,0.121304035187,NA,91,NA,91,NA,22,NA,22,NA,"1"
"167",167,167,167,167,167,167,167,167,167,167,166,118,"4 BS-AN","Right","right","BS",1,1.31859993935,0.317713975906,1,92,1,92,0,22,0,22,NA,"1"
"168",168,168,168,168,168,168,168,168,168,168,167,142,"5 AS-BS","Both","left","BS",0,1.12921595573,0.128616809845,NA,92,NA,92,NA,22,NA,22,NA,"0"
"169",169,169,169,169,169,169,169,169,169,169,168,29,"1 AS-AN","Left","left","AS",1,1.1347720623,0.133661985397,1,93,1,93,0,22,0,22,NA,"0"
"170",170,170,170,170,170,170,170,170,170,170,169,180,"6 AN-BN","None","left","BN",1,1.13496518135,0.133944034576,NA,93,NA,93,NA,22,NA,22,NA,"0"
"171",171,171,171,171,171,171,171,171,171,171,170,54,"3 BS-BN","Right","left","BN",0,1.13462519646,0.133553028107,0,93,0,93,1,23,1,23,NA,"0"
"172",172,172,172,172,172,172,172,172,172,172,171,24,"1 AS-AN","Right","right","AS",1,1.13066387177,0.129559993744,1,94,1,94,0,23,0,23,NA,"1"
"173",173,173,173,173,173,173,173,173,173,173,172,165,"6 AN-BN","None","right","BN",1,1.83633208275,0.83524107933,NA,94,NA,94,NA,23,NA,23,NA,"1"
"174",174,174,174,174,174,174,174,174,174,174,173,43,"3 BS-BN","Left","left","BS",1,1.23479986191,0.233678817749,1,95,1,95,0,23,0,23,NA,"0"
"175",175,175,175,175,175,175,175,175,175,175,174,166,"6 AN-BN","None","right","AN",0,1.13586902618,0.134634017944,NA,95,NA,95,NA,23,NA,23,NA,"1"
"176",176,176,176,176,176,176,176,176,176,176,175,41,"3 BS-BN","Left","right","BN",0,1.23003482819,0.228840827942,0,95,0,95,1,24,1,24,NA,"1"
"177",177,177,177,177,177,177,177,177,177,177,176,86,"2 AS-BN","Right","left","BN",0,1.21769499779,0.217432022095,0,95,0,95,1,25,1,25,NA,"0"
"178",178,178,178,178,178,178,178,178,178,178,177,42,"3 BS-BN","Right","left","BN",0,1.23361301422,0.232475042343,0,95,0,95,1,26,1,26,NA,"0"
"179",179,179,179,179,179,179,179,179,179,179,178,59,"3 BS-BN","Left","left","BS",1,1.13044691086,0.130136966705,1,96,1,96,0,26,0,26,NA,"0"
"180",180,180,180,180,180,180,180,180,180,180,179,89,"2 AS-BN","Left","left","AS",1,1.13489198685,0.133687973022,1,97,1,97,0,26,0,26,NA,"0"
"181",181,181,181,181,181,181,181,181,181,181,180,144,"5 AS-BS","Both","left","BS",0,1.13047504425,0.129364013672,NA,97,NA,97,NA,26,NA,26,NA,"0"
"182",182,182,182,182,182,182,182,182,182,182,181,152,"5 AS-BS","Both","left","BS",0,1.12982106209,0.128734827042,NA,97,NA,97,NA,26,NA,26,NA,"0"
"183",183,183,183,183,183,183,183,183,183,183,182,79,"2 AS-BN","Left","left","AS",1,1.11869478226,0.117569208145,1,98,1,98,0,26,0,26,NA,"0"
"184",184,184,184,184,184,184,184,184,184,184,183,130,"5 AS-BS","Both","left","BS",0,1.11791110039,0.117122888565,NA,98,NA,98,NA,26,NA,26,NA,"0"
"185",185,185,185,185,185,185,185,185,185,185,184,171,"6 AN-BN","None","left","AN",0,1.13436603546,0.133318901062,NA,98,NA,98,NA,26,NA,26,NA,"0"
"186",186,186,186,186,186,186,186,186,186,186,185,187,"6 AN-BN","None","right","BN",1,1.11909985542,0.117994070053,NA,98,NA,98,NA,26,NA,26,NA,"1"
"187",187,187,187,187,187,187,187,187,187,187,186,112,"4 BS-AN","Right","right","BS",1,1.13426089287,0.133093833923,1,99,1,99,0,26,0,26,NA,"1"
"188",188,188,188,188,188,188,188,188,188,188,187,168,"6 AN-BN","None","left","BN",1,1.33495593071,0.334013938904,NA,99,NA,99,NA,26,NA,26,NA,"0"
"189",189,189,189,189,189,189,189,189,189,189,188,141,"5 AS-BS","Both","left","AS",1,1.93666815758,0.935544013977,NA,99,NA,99,NA,26,NA,26,NA,"0"
"190",190,190,190,190,190,190,190,190,190,190,189,97,"4 BS-AN","Left","left","BS",1,1.1177251339,0.117133140564,1,100,1,100,0,26,0,26,NA,"0"
"191",191,191,191,191,191,191,191,191,191,191,190,56,"3 BS-BN","Right","right","BS",1,1.52996206284,0.528778076172,1,101,1,101,0,26,0,26,NA,"1"
"192",192,192,192,192,192,192,192,192,192,192,191,71,"2 AS-BN","Left","left","AS",1,1.12941002846,0.128326892853,1,102,1,102,0,26,0,26,NA,"0"
"193",193,193,193,193,193,193,193,193,193,193,0,185,"6 AN-BN","None","right","BN",1,1.13451194763,0.134183883667,NA,102,NA,102,NA,26,NA,26,NA,"1"
"194",194,194,194,194,194,194,194,194,194,194,1,5,"1 AS-AN","Left","left","AS",1,1.11823487282,0.117076873779,1,103,1,103,0,26,0,26,NA,"0"
"195",195,195,195,195,195,195,195,195,195,195,2,146,"5 AS-BS","Both","left","BS",0,1.12149000168,0.12039899826,NA,103,NA,103,NA,26,NA,26,NA,"0"
"196",196,196,196,196,196,196,196,196,196,196,3,157,"5 AS-BS","Both","left","AS",1,1.13496613503,0.133845090866,NA,103,NA,103,NA,26,NA,26,NA,"0"
"197",197,197,197,197,197,197,197,197,197,197,4,50,"3 BS-BN","Right","left","BN",0,1.1344230175,0.133361101151,0,103,0,103,1,27,1,27,NA,"0"
"198",198,198,198,198,198,198,198,198,198,198,5,105,"4 BS-AN","Left","left","BS",1,1.23479795456,0.233639001846,1,104,1,104,0,27,0,27,NA,"0"
"199",199,199,199,199,199,199,199,199,199,199,6,110,"4 BS-AN","Right","right","BS",1,1.1342549324,0.133172035217,1,105,1,105,0,27,0,27,NA,"1"
"200",200,200,200,200,200,200,200,200,200,200,7,38,"3 BS-BN","Right","right","BS",1,1.2302749157,0.229125022888,1,106,1,106,0,27,0,27,NA,"1"
"201",201,201,201,201,201,201,201,201,201,201,8,181,"6 AN-BN","None","right","BN",1,1.63473200798,0.633741855621,NA,106,NA,106,NA,27,NA,27,NA,"1"
"202",202,202,202,202,202,202,202,202,202,202,9,17,"1 AS-AN","Left","left","AS",1,1.31868815422,0.317520141602,1,107,1,107,0,27,0,27,NA,"0"
"203",203,203,203,203,203,203,203,203,203,203,10,70,"2 AS-BN","Right","left","BN",0,1.53554201126,0.534687042236,0,107,0,107,1,28,1,28,NA,"0"
"204",204,204,204,204,204,204,204,204,204,204,11,153,"5 AS-BS","Both","left","AS",1,1.73087716103,0.729825973511,NA,107,NA,107,NA,28,NA,28,NA,"0"
"205",205,205,205,205,205,205,205,205,205,205,12,83,"2 AS-BN","Left","left","AS",1,1.63586997986,0.634788036346,1,108,1,108,0,28,0,28,NA,"0"
"206",206,206,206,206,206,206,206,206,206,206,13,145,"5 AS-BS","Both","left","AS",1,1.12162494659,0.120542049408,NA,108,NA,108,NA,28,NA,28,NA,"0"
"207",207,207,207,207,207,207,207,207,207,207,14,74,"2 AS-BN","Right","left","BN",0,1.33046984673,0.329298973083,0,108,0,108,1,29,1,29,NA,"0"
"208",208,208,208,208,208,208,208,208,208,208,15,179,"6 AN-BN","None","right","BN",1,1.53572297096,0.534719944,NA,108,NA,108,NA,29,NA,29,NA,"1"
"209",209,209,209,209,209,209,209,209,209,209,16,25,"1 AS-AN","Left","left","AS",1,1.13494706154,0.133780956268,1,109,1,109,0,29,0,29,NA,"0"
"210",210,210,210,210,210,210,210,210,210,210,17,184,"6 AN-BN","None","left","BN",1,1.83057498932,0.829381942749,NA,109,NA,109,NA,29,NA,29,NA,"0"
"211",211,211,211,211,211,211,211,211,211,211,18,112,"4 BS-AN","Right","right","BS",1,1.13453698158,0.132895231247,1,110,1,110,0,29,0,29,NA,"1"
"212",212,212,212,212,212,212,212,212,212,212,19,77,"2 AS-BN","Left","left","AS",1,1.23364901543,0.233350038528,1,111,1,111,0,29,0,29,NA,"0"
"213",213,213,213,213,213,213,213,213,213,213,20,92,"2 AS-BN","Right","right","AS",1,1.3349480629,0.333819150925,1,112,1,112,0,29,0,29,NA,"1"
"214",214,214,214,214,214,214,214,214,214,214,21,144,"5 AS-BS","Both","right","AS",1,1.23071408272,0.229940891266,NA,112,NA,112,NA,29,NA,29,NA,"1"
"215",215,215,215,215,215,215,215,215,215,215,22,160,"5 AS-BS","Both","right","AS",1,1.12991285324,0.129462003708,NA,112,NA,112,NA,29,NA,29,NA,"1"
"216",216,216,216,216,216,216,216,216,216,216,23,7,"1 AS-AN","Left","right","AN",0,1.43530511856,0.434171199799,0,112,0,112,1,30,1,30,NA,"1"
"217",217,217,217,217,217,217,217,217,217,217,24,93,"2 AS-BN","Left","right","BN",0,1.53554797173,0.534464120865,0,112,0,112,1,31,1,31,NA,"1"
"218",218,218,218,218,218,218,218,218,218,218,25,31,"1 AS-AN","Left","left","AS",1,1.32204294205,0.320965051651,1,113,1,113,0,31,0,31,NA,"0"
"219",219,219,219,219,219,219,219,219,219,219,26,65,"2 AS-BN","Left","left","AS",1,1.71963405609,0.718496084213,1,114,1,114,0,31,0,31,NA,"0"
"220",220,220,220,220,220,220,220,220,220,220,27,180,"6 AN-BN","None","right","AN",0,1.43055200577,0.429401874542,NA,114,NA,114,NA,31,NA,31,NA,"1"
"221",221,221,221,221,221,221,221,221,221,221,28,162,"6 AN-BN","None","left","BN",1,2.13678812981,1.13565897942,NA,114,NA,114,NA,31,NA,31,NA,"0"
"222",222,222,222,222,222,222,222,222,222,222,29,116,"4 BS-AN","Right","right","BS",1,1.71963906288,0.718439102173,1,115,1,115,0,31,0,31,NA,"1"
"223",223,223,223,223,223,223,223,223,223,223,30,89,"2 AS-BN","Left","left","AS",1,1.83614683151,0.834974050522,1,116,1,116,0,31,0,31,NA,"0"
"224",224,224,224,224,224,224,224,224,224,224,31,43,"3 BS-BN","Left","left","BS",1,1.63600587845,0.634787082672,1,117,1,117,0,31,0,31,NA,"0"
"225",225,225,225,225,225,225,225,225,225,225,32,96,"2 AS-BN","Right","right","AS",1,1.22948598862,0.228350877762,1,118,1,118,0,31,0,31,NA,"1"
"226",226,226,226,226,226,226,226,226,226,226,33,91,"2 AS-BN","Left","left","AS",1,1.43507194519,0.43382191658,1,119,1,119,0,31,0,31,NA,"0"
"227",227,227,227,227,227,227,227,227,227,227,34,33,"3 BS-BN","Left","right","BN",0,1.13073992729,0.130531072617,0,119,0,119,1,32,1,32,NA,"1"
"228",228,228,228,228,228,228,228,228,228,228,35,23,"1 AS-AN","Left","right","AN",0,1.51930713654,0.51814198494,0,119,0,119,1,33,1,33,NA,"1"
"229",229,229,229,229,229,229,229,229,229,229,36,34,"3 BS-BN","Right","right","BS",1,2.03110480309,1.03002285957,1,120,1,120,0,33,0,33,NA,"1"
"230",230,230,230,230,230,230,230,230,230,230,37,80,"2 AS-BN","Right","right","AS",1,1.2185959816,0.218409061432,1,121,1,121,0,33,0,33,NA,"1"
"231",231,231,231,231,231,231,231,231,231,231,38,85,"2 AS-BN","Left","right","BN",0,1.1180639267,0.117027997971,0,121,0,121,1,34,1,34,NA,"1"
"232",232,232,232,232,232,232,232,232,232,232,39,18,"1 AS-AN","Right","right","AS",1,1.11835312843,0.117156028748,1,122,1,122,0,34,0,34,NA,"1"
"233",233,233,233,233,233,233,233,233,233,233,40,22,"1 AS-AN","Right","right","AS",1,1.51832294464,0.517893075943,1,123,1,123,0,34,0,34,NA,"1"
"234",234,234,234,234,234,234,234,234,234,234,41,152,"5 AS-BS","Both","left","BS",0,1.71972298622,0.718567848206,NA,123,NA,123,NA,34,NA,34,NA,"0"
"235",235,235,235,235,235,235,235,235,235,235,42,165,"6 AN-BN","None","right","BN",1,2.12068796158,1.11953902245,NA,123,NA,123,NA,34,NA,34,NA,"1"
"236",236,236,236,236,236,236,236,236,236,236,43,158,"5 AS-BS","Both","left","BS",0,2.33751702309,1.33638596535,NA,123,NA,123,NA,34,NA,34,NA,"0"
"237",237,237,237,237,237,237,237,237,237,237,44,32,"1 AS-AN","Right","right","AS",1,1.33154201508,0.330436944962,1,124,1,124,0,34,0,34,NA,"1"
"238",238,238,238,238,238,238,238,238,238,238,45,125,"4 BS-AN","Left","right","AN",0,1.73161005974,0.730471134186,0,124,0,124,1,35,1,35,NA,"1"
"239",239,239,239,239,239,239,239,239,239,239,46,107,"4 BS-AN","Left","left","BS",1,1.53557300568,0.53449010849,1,125,1,125,0,35,0,35,NA,"0"
"240",240,240,240,240,240,240,240,240,240,240,47,58,"3 BS-BN","Right","left","BN",0,1.13376808167,0.133517980576,0,125,0,125,1,36,1,36,NA,"0"
"241",241,241,241,241,241,241,241,241,241,241,48,28,"1 AS-AN","Right","right","AS",1,1.13452100754,0.133414030075,1,126,1,126,0,36,0,36,NA,"1"
"242",242,242,242,242,242,242,242,242,242,242,49,10,"1 AS-AN","Right","right","AS",1,1.53573703766,0.534562110901,1,127,1,127,0,36,0,36,NA,"1"
"243",243,243,243,243,243,243,243,243,243,243,50,67,"2 AS-BN","Left","left","AS",1,1.63589596748,0.634812116623,1,128,1,128,0,36,0,36,NA,"0"
"244",244,244,244,244,244,244,244,244,244,244,51,148,"5 AS-BS","Both","right","AS",1,1.53542089462,0.534320831299,NA,128,NA,128,NA,36,NA,36,NA,"1"
"245",245,245,245,245,245,245,245,245,245,245,52,19,"1 AS-AN","Left","left","AS",1,1.23512196541,0.233959913254,1,129,1,129,0,36,0,36,NA,"0"
"246",246,246,246,246,246,246,246,246,246,246,53,175,"6 AN-BN","None","left","AN",0,1.11868095398,0.117549180984,NA,129,NA,129,NA,36,NA,36,NA,"0"
"247",247,247,247,247,247,247,247,247,247,247,54,56,"3 BS-BN","Right","right","BS",1,1.12024497986,0.119346141815,1,130,1,130,0,36,0,36,NA,"1"
"248",248,248,248,248,248,248,248,248,248,248,55,103,"4 BS-AN","Left","right","AN",0,1.33526587486,0.334085941315,0,130,0,130,1,37,1,37,NA,"1"
"249",249,249,249,249,249,249,249,249,249,249,56,14,"1 AS-AN","Right","left","AN",0,1.13482499123,0.133677959442,0,130,0,130,1,38,1,38,NA,"0"
"250",250,250,250,250,250,250,250,250,250,250,57,88,"2 AS-BN","Right","right","AS",1,1.3330309391,0.332743883133,1,131,1,131,0,38,0,38,NA,"1"
"251",251,251,251,251,251,251,251,251,251,251,58,24,"1 AS-AN","Right","right","AS",1,2.03316307068,1.03207612038,1,132,1,132,0,38,0,38,NA,"1"
"252",252,252,252,252,252,252,252,252,252,252,59,133,"5 AS-BS","Both","left","AS",1,1.63164401054,0.630516052246,NA,132,NA,132,NA,38,NA,38,NA,"0"
"253",253,253,253,253,253,253,253,253,253,253,60,154,"5 AS-BS","Both","right","AS",1,1.43325686455,0.433134078979,NA,132,NA,132,NA,38,NA,38,NA,"1"
"254",254,254,254,254,254,254,254,254,254,254,61,174,"6 AN-BN","None","right","AN",0,2.03682303429,1.0357439518,NA,132,NA,132,NA,38,NA,38,NA,"1"
"255",255,255,255,255,255,255,255,255,255,255,62,40,"3 BS-BN","Right","right","BS",1,1.23336386681,0.232203960419,1,133,1,133,0,38,0,38,NA,"1"
"256",256,256,256,256,256,256,256,256,256,256,63,190,"6 AN-BN","None","right","AN",0,1.73173904419,0.731425046921,NA,133,NA,133,NA,38,NA,38,NA,"1"
"257",257,257,257,257,257,257,257,257,257,257,64,176,"6 AN-BN","None","right","AN",0,1.13444900513,0.133395910263,NA,133,NA,133,NA,38,NA,38,NA,"1"
"258",258,258,258,258,258,258,258,258,258,258,65,173,"6 AN-BN","None","left","AN",0,1.13416814804,0.1329870224,NA,133,NA,133,NA,38,NA,38,NA,"0"
"259",259,259,259,259,259,259,259,259,259,259,66,143,"5 AS-BS","Both","left","AS",1,1.41787099838,0.417720079422,NA,133,NA,133,NA,38,NA,38,NA,"0"
"260",260,260,260,260,260,260,260,260,260,260,67,115,"4 BS-AN","Left","right","AN",0,1.23446702957,0.233284950256,0,133,0,133,1,39,1,39,NA,"1"
"261",261,261,261,261,261,261,261,261,261,261,68,37,"3 BS-BN","Left","right","BN",0,1.22387194633,0.223197937012,0,133,0,133,1,40,1,40,NA,"1"
"262",262,262,262,262,262,262,262,262,262,262,69,137,"5 AS-BS","Both","left","AS",1,1.11863017082,0.117439031601,NA,133,NA,133,NA,40,NA,40,NA,"0"
"263",263,263,263,263,263,263,263,263,263,263,70,15,"1 AS-AN","Left","left","AS",1,3.03940081596,2.03833913803,1,134,1,134,0,40,0,40,NA,"0"
"264",264,264,264,264,264,264,264,264,264,264,71,147,"5 AS-BS","Both","left","AS",1,1.13447594643,0.133291959763,NA,134,NA,134,NA,40,NA,40,NA,"0"
"265",265,265,265,265,265,265,265,265,265,265,72,47,"3 BS-BN","Left","left","BS",1,1.32988095284,0.328820943832,1,135,1,135,0,40,0,40,NA,"0"
"266",266,266,266,266,266,266,266,266,266,266,73,178,"6 AN-BN","None","left","BN",1,1.21874785423,0.217609167099,NA,135,NA,135,NA,40,NA,40,NA,"0"
"267",267,267,267,267,267,267,267,267,267,267,74,120,"4 BS-AN","Right","right","BS",1,1.22142910957,0.220556974411,1,136,1,136,0,40,0,40,NA,"1"
"268",268,268,268,268,268,268,268,268,268,268,75,84,"2 AS-BN","Right","right","AS",1,1.11760401726,0.117033004761,1,137,1,137,0,40,0,40,NA,"1"
"269",269,269,269,269,269,269,269,269,269,269,76,21,"1 AS-AN","Left","left","AS",1,1.13446903229,0.133385896683,1,138,1,138,0,40,0,40,NA,"0"
"270",270,270,270,270,270,270,270,270,270,270,77,16,"1 AS-AN","Right","right","AS",1,1.13453888893,0.133484840393,1,139,1,139,0,40,0,40,NA,"1"
"271",271,271,271,271,271,271,271,271,271,271,78,46,"3 BS-BN","Right","right","BS",1,1.23049902916,0.230046987534,1,140,1,140,0,40,0,40,NA,"1"
"272",272,272,272,272,272,272,272,272,272,272,79,60,"3 BS-BN","Right","right","BS",1,1.13109207153,0.129993915558,1,141,1,141,0,40,0,40,NA,"1"
"273",273,273,273,273,273,273,273,273,273,273,80,101,"4 BS-AN","Left","left","BS",1,1.61949491501,0.619006872177,1,142,1,142,0,40,0,40,NA,"0"
"274",274,274,274,274,274,274,274,274,274,274,81,126,"4 BS-AN","Right","right","BS",1,1.43065595627,0.429522037506,1,143,1,143,0,40,0,40,NA,"1"
"275",275,275,275,275,275,275,275,275,275,275,82,75,"2 AS-BN","Left","left","AS",1,1.61981701851,0.618770122528,1,144,1,144,0,40,0,40,NA,"0"
"276",276,276,276,276,276,276,276,276,276,276,83,109,"4 BS-AN","Left","right","AN",0,1.73589706421,0.734846115112,0,144,0,144,1,41,1,41,NA,"1"
"277",277,277,277,277,277,277,277,277,277,277,84,4,"1 AS-AN","Right","right","AS",1,1.23486304283,0.233688831329,1,145,1,145,0,41,0,41,NA,"1"
"278",278,278,278,278,278,278,278,278,278,278,85,138,"5 AS-BS","Both","left","BS",0,1.53612709045,0.534952163696,NA,145,NA,145,NA,41,NA,41,NA,"0"
"279",279,279,279,279,279,279,279,279,279,279,86,114,"4 BS-AN","Right","right","BS",1,1.13533687592,0.134212970734,1,146,1,146,0,41,0,41,NA,"1"
"280",280,280,280,280,280,280,280,280,280,280,87,155,"5 AS-BS","Both","right","BS",0,1.51924800873,0.518119096756,NA,146,NA,146,NA,41,NA,41,NA,"1"
"281",281,281,281,281,281,281,281,281,281,281,88,102,"4 BS-AN","Right","right","BS",1,1.53532910347,0.534216165543,1,147,1,147,0,41,0,41,NA,"1"
"282",282,282,282,282,282,282,282,282,282,282,89,169,"6 AN-BN","None","right","BN",1,2.8382730484,1.83708310127,NA,147,NA,147,NA,41,NA,41,NA,"1"
"283",283,283,283,283,283,283,283,283,283,283,90,113,"4 BS-AN","Left","right","AN",0,1.63091015816,0.629811048508,0,147,0,147,1,42,1,42,NA,"1"
"284",284,284,284,284,284,284,284,284,284,284,91,76,"2 AS-BN","Right","right","AS",1,4.22494602203,3.22454690933,1,148,1,148,0,42,0,42,NA,"1"
"285",285,285,285,285,285,285,285,285,285,285,92,11,"1 AS-AN","Left","left","AS",1,1.61880612373,0.618340969086,1,149,1,149,0,42,0,42,NA,"0"
"286",286,286,286,286,286,286,286,286,286,286,93,151,"5 AS-BS","Both","left","AS",1,1.51865100861,0.518003940582,NA,149,NA,149,NA,42,NA,42,NA,"0"
"287",287,287,287,287,287,287,287,287,287,287,94,36,"3 BS-BN","Right","right","BS",1,1.3348300457,0.333742856979,1,150,1,150,0,42,0,42,NA,"1"
"288",288,288,288,288,288,288,288,288,288,288,95,52,"3 BS-BN","Right","right","BS",1,1.31929993629,0.318778038025,1,151,1,151,0,42,0,42,NA,"1"
"289",289,289,289,289,289,289,289,289,289,289,96,2,"1 AS-AN","Right","right","AS",1,1.21799898148,0.217335939407,1,152,1,152,0,42,0,42,NA,"1"
"290",290,290,290,290,290,290,290,290,290,290,97,129,"5 AS-BS","Both","right","BS",0,1.41868782043,0.417804956436,NA,152,NA,152,NA,42,NA,42,NA,"1"
"291",291,291,291,291,291,291,291,291,291,291,98,62,"3 BS-BN","Right","right","BS",1,1.23069095612,0.229892015457,1,153,1,153,0,42,0,42,NA,"1"
"292",292,292,292,292,292,292,292,292,292,292,99,79,"2 AS-BN","Left","left","AS",1,1.41891503334,0.417839050293,1,154,1,154,0,42,0,42,NA,"0"
"293",293,293,293,293,293,293,293,293,293,293,100,63,"3 BS-BN","Left","left","BS",1,1.5347571373,0.533576011658,1,155,1,155,0,42,0,42,NA,"0"
"294",294,294,294,294,294,294,294,294,294,294,101,122,"4 BS-AN","Right","right","BS",1,1.43360090256,0.43240404129,1,156,1,156,0,42,0,42,NA,"1"
"295",295,295,295,295,295,295,295,295,295,295,102,104,"4 BS-AN","Right","right","BS",1,1.83619117737,0.835050106049,1,157,1,157,0,42,0,42,NA,"1"
"296",296,296,296,296,296,296,296,296,296,296,103,66,"2 AS-BN","Right","right","AS",1,1.4193880558,0.418145179749,1,158,1,158,0,42,0,42,NA,"1"
"297",297,297,297,297,297,297,297,297,297,297,104,26,"1 AS-AN","Right","right","AS",1,1.31865596771,0.317593097687,1,159,1,159,0,42,0,42,NA,"1"
"298",298,298,298,298,298,298,298,298,298,298,105,42,"3 BS-BN","Right","left","BN",0,1.93084001541,0.929679870605,0,159,0,159,1,43,1,43,NA,"0"
"299",299,299,299,299,299,299,299,299,299,299,106,20,"1 AS-AN","Right","right","AS",1,1.1336710453,0.132603883743,1,160,1,160,0,43,0,43,NA,"1"
"300",300,300,300,300,300,300,300,300,300,300,107,118,"4 BS-AN","Right","right","BS",1,2.83255004883,1.83176088333,1,161,1,161,0,43,0,43,NA,"1"
"301",301,301,301,301,301,301,301,301,301,301,108,132,"5 AS-BS","Both","left","BS",0,1.83617019653,0.835011959076,NA,161,NA,161,NA,43,NA,43,NA,"0"
"302",302,302,302,302,302,302,302,302,302,302,109,188,"6 AN-BN","None","right","AN",0,1.12943387032,0.128279924393,NA,161,NA,161,NA,43,NA,43,NA,"1"
"303",303,303,303,303,303,303,303,303,303,303,110,189,"6 AN-BN","None","right","BN",1,1.233314991,0.232183933258,NA,161,NA,161,NA,43,NA,43,NA,"1"
"304",304,304,304,304,304,304,304,304,304,304,111,72,"2 AS-BN","Right","right","AS",1,1.23064684868,0.229583978653,1,162,1,162,0,43,0,43,NA,"1"
"305",305,305,305,305,305,305,305,305,305,305,112,64,"3 BS-BN","Right","right","BS",1,1.11801409721,0.116968870163,1,163,1,163,0,43,0,43,NA,"1"
"306",306,306,306,306,306,306,306,306,306,306,113,171,"6 AN-BN","None","left","AN",0,1.21837306023,0.217278003693,NA,163,NA,163,NA,43,NA,43,NA,"0"
"307",307,307,307,307,307,307,307,307,307,307,114,68,"2 AS-BN","Right","right","AS",1,1.11797904968,0.117583990097,1,164,1,164,0,43,0,43,NA,"1"
"308",308,308,308,308,308,308,308,308,308,308,115,121,"4 BS-AN","Left","left","BS",1,1.73560285568,0.734780788422,1,165,1,165,0,43,0,43,NA,"0"
"309",309,309,309,309,309,309,309,309,309,309,116,9,"1 AS-AN","Left","right","AN",0,1.31842803955,0.318092107773,0,165,0,165,1,44,1,44,NA,"1"
"310",310,310,310,310,310,310,310,310,310,310,117,8,"1 AS-AN","Right","right","AS",1,2.43768620491,1.43680500984,1,166,1,166,0,44,0,44,NA,"1"
"311",311,311,311,311,311,311,311,311,311,311,118,135,"5 AS-BS","Both","left","AS",1,1.43162512779,0.430534124374,NA,166,NA,166,NA,44,NA,44,NA,"0"
"312",312,312,312,312,312,312,312,312,312,312,119,163,"6 AN-BN","None","right","BN",1,1.63642787933,0.635299921036,NA,166,NA,166,NA,44,NA,44,NA,"1"
"313",313,313,313,313,313,313,313,313,313,313,120,49,"3 BS-BN","Left","left","BS",1,1.73224401474,0.731065988541,1,167,1,167,0,44,0,44,NA,"0"
"314",314,314,314,314,314,314,314,314,314,314,121,27,"1 AS-AN","Left","right","AN",0,1.61987805367,0.619407892227,0,167,0,167,1,45,1,45,NA,"1"
"315",315,315,315,315,315,315,315,315,315,315,122,119,"4 BS-AN","Left","right","AN",0,1.92348718643,0.922420024872,0,167,0,167,1,46,1,46,NA,"1"
"316",316,316,316,316,316,316,316,316,316,316,123,191,"6 AN-BN","None","right","BN",1,2.22084498405,1.2197470665,NA,167,NA,167,NA,46,NA,46,NA,"1"
"317",317,317,317,317,317,317,317,317,317,317,124,186,"6 AN-BN","None","right","AN",0,1.13306379318,0.131913900375,NA,167,NA,167,NA,46,NA,46,NA,"1"
"318",318,318,318,318,318,318,318,318,318,318,125,44,"3 BS-BN","Right","right","BS",1,1.6193921566,0.618243217468,1,168,1,168,0,46,0,46,NA,"1"
"319",319,319,319,319,319,319,319,319,319,319,126,99,"4 BS-AN","Left","right","AN",0,1.61942696571,0.618274211884,0,168,0,168,1,47,1,47,NA,"1"
"320",320,320,320,320,320,320,320,320,320,320,127,134,"5 AS-BS","Both","right","AS",1,1.33140921593,0.330819129944,NA,168,NA,168,NA,47,NA,47,NA,"1"
"321",321,321,321,321,321,321,321,321,321,321,128,140,"5 AS-BS","Both","right","AS",1,1.13337206841,0.132249116898,NA,168,NA,168,NA,47,NA,47,NA,"1"
"322",322,322,322,322,322,322,322,322,322,322,129,192,"6 AN-BN","None","right","AN",0,1.13380694389,0.13268494606,NA,168,NA,168,NA,47,NA,47,NA,"1"
"323",323,323,323,323,323,323,323,323,323,323,130,87,"2 AS-BN","Left","left","AS",1,1.13392496109,0.133574008942,1,169,1,169,0,47,0,47,NA,"0"
"324",324,324,324,324,324,324,324,324,324,324,131,100,"4 BS-AN","Right","left","AN",0,1.11906290054,0.118271827698,0,169,0,169,1,48,1,48,NA,"0"
"325",325,325,325,325,325,325,325,325,325,325,132,95,"2 AS-BN","Left","left","AS",1,1.1287009716,0.127584218979,1,170,1,170,0,48,0,48,NA,"0"
"326",326,326,326,326,326,326,326,326,326,326,133,35,"3 BS-BN","Left","left","BS",1,1.41877198219,0.417683839798,1,171,1,171,0,48,0,48,NA,"0"
"327",327,327,327,327,327,327,327,327,327,327,134,141,"5 AS-BS","Both","right","BS",0,1.4354891777,0.434403181076,NA,171,NA,171,NA,48,NA,48,NA,"1"
"328",328,328,328,328,328,328,328,328,328,328,135,30,"1 AS-AN","Right","left","AN",0,1.31872391701,0.317589998245,0,171,0,171,1,49,1,49,NA,"0"
"329",329,329,329,329,329,329,329,329,329,329,136,6,"1 AS-AN","Right","right","AS",1,1.13369393349,0.132588863373,1,172,1,172,0,49,0,49,NA,"1"
"330",330,330,330,330,330,330,330,330,330,330,137,54,"3 BS-BN","Right","left","BN",0,1.33159589767,0.3304438591,0,172,0,172,1,50,1,50,NA,"0"
"331",331,331,331,331,331,331,331,331,331,331,138,142,"5 AS-BS","Both","right","AS",1,2.03128695488,1.03023695946,NA,172,NA,172,NA,50,NA,50,NA,"1"
"332",332,332,332,332,332,332,332,332,332,332,139,13,"1 AS-AN","Left","right","AN",0,1.61846399307,0.618273973465,0,172,0,172,1,51,1,51,NA,"1"
"333",333,333,333,333,333,333,333,333,333,333,140,127,"4 BS-AN","Left","right","AN",0,1.13053107262,0.129451990128,0,172,0,172,1,52,1,52,NA,"1"
"334",334,334,334,334,334,334,334,334,334,334,141,182,"6 AN-BN","None","left","BN",1,1.12317895889,0.12274813652,NA,172,NA,172,NA,52,NA,52,NA,"0"
"335",335,335,335,335,335,335,335,335,335,335,142,78,"2 AS-BN","Right","left","BN",0,1.53157806396,0.530508041382,0,172,0,172,1,53,1,53,NA,"0"
"336",336,336,336,336,336,336,336,336,336,336,143,53,"3 BS-BN","Left","left","BS",1,1.53545999527,0.534375905991,1,173,1,173,0,53,0,53,NA,"0"
"337",337,337,337,337,337,337,337,337,337,337,144,3,"1 AS-AN","Left","left","AS",1,1.11896491051,0.118236064911,1,174,1,174,0,53,0,53,NA,"0"
"338",338,338,338,338,338,338,338,338,338,338,145,187,"6 AN-BN","None","right","BN",1,1.4191160202,0.417930841446,NA,174,NA,174,NA,53,NA,53,NA,"1"
"339",339,339,339,339,339,339,339,339,339,339,146,128,"4 BS-AN","Right","left","AN",0,1.23027396202,0.22992515564,0,174,0,174,1,54,1,54,NA,"0"
"340",340,340,340,340,340,340,340,340,340,340,147,156,"5 AS-BS","Both","right","AS",1,1.31884789467,0.317708969116,NA,174,NA,174,NA,54,NA,54,NA,"1"
"341",341,341,341,341,341,341,341,341,341,341,148,1,"1 AS-AN","Left","left","AS",1,1.11827087402,0.117118120193,1,175,1,175,0,54,0,54,NA,"0"
"342",342,342,342,342,342,342,342,342,342,342,149,123,"4 BS-AN","Left","left","BS",1,1.13027715683,0.129209041595,1,176,1,176,0,54,0,54,NA,"0"
"343",343,343,343,343,343,343,343,343,343,343,150,161,"6 AN-BN","None","right","BN",1,1.11813092232,0.117030143738,NA,176,NA,176,NA,54,NA,54,NA,"1"
"344",344,344,344,344,344,344,344,344,344,344,151,170,"6 AN-BN","None","left","BN",1,1.13544106483,0.134284973145,NA,176,NA,176,NA,54,NA,54,NA,"0"
"345",345,345,345,345,345,345,345,345,345,345,152,177,"6 AN-BN","None","left","AN",0,1.42017507553,0.419023036957,NA,176,NA,176,NA,54,NA,54,NA,"0"
"346",346,346,346,346,346,346,346,346,346,346,153,90,"2 AS-BN","Right","left","BN",0,1.41844177246,0.417819976807,0,176,0,176,1,55,1,55,NA,"0"
"347",347,347,347,347,347,347,347,347,347,347,154,183,"6 AN-BN","None","left","AN",0,1.11818814278,0.117094039917,NA,176,NA,176,NA,55,NA,55,NA,"0"
"348",348,348,348,348,348,348,348,348,348,348,155,69,"2 AS-BN","Left","left","AS",1,1.13016414642,0.129270076752,1,177,1,177,0,55,0,55,NA,"0"
"349",349,349,349,349,349,349,349,349,349,349,156,71,"2 AS-BN","Left","left","AS",1,1.12974286079,0.128923892975,1,178,1,178,0,55,0,55,NA,"0"
"350",350,350,350,350,350,350,350,350,350,350,157,150,"5 AS-BS","Both","left","BS",0,3.02298307419,2.02184009552,NA,178,NA,178,NA,55,NA,55,NA,"0"
"351",351,351,351,351,351,351,351,351,351,351,158,39,"3 BS-BN","Left","right","BN",0,1.23349118233,0.232352972031,0,178,0,178,1,56,1,56,NA,"1"
"352",352,352,352,352,352,352,352,352,352,352,159,41,"3 BS-BN","Left","left","BS",1,1.51836514473,0.518069028854,1,179,1,179,0,56,0,56,NA,"0"
"353",353,353,353,353,353,353,353,353,353,353,160,168,"6 AN-BN","None","right","AN",0,1.51964402199,0.518443107605,NA,179,NA,179,NA,56,NA,56,NA,"1"
"354",354,354,354,354,354,354,354,354,354,354,161,131,"5 AS-BS","Both","left","AS",1,1.13444113731,0.133265018463,NA,179,NA,179,NA,56,NA,56,NA,"0"
"355",355,355,355,355,355,355,355,355,355,355,162,45,"3 BS-BN","Left","left","BS",1,1.43143200874,0.43032002449,1,180,1,180,0,56,0,56,NA,"0"
"356",356,356,356,356,356,356,356,356,356,356,163,51,"3 BS-BN","Left","left","BS",1,1.11827397346,0.117077112198,1,181,1,181,0,56,0,56,NA,"0"
"357",357,357,357,357,357,357,357,357,357,357,164,73,"2 AS-BN","Left","left","AS",1,1.11824893951,0.117132902145,1,182,1,182,0,56,0,56,NA,"0"
"358",358,358,358,358,358,358,358,358,358,358,165,166,"6 AN-BN","None","right","AN",0,1.11734890938,0.117116928101,NA,182,NA,182,NA,56,NA,56,NA,"1"
"359",359,359,359,359,359,359,359,359,359,359,166,48,"3 BS-BN","Right","left","BN",0,1.11889386177,0.117843866348,0,182,0,182,1,57,1,57,NA,"0"
"360",360,360,360,360,360,360,360,360,360,360,167,136,"5 AS-BS","Both","left","BS",0,1.11797118187,0.117624998093,NA,182,NA,182,NA,57,NA,57,NA,"0"
"361",361,361,361,361,361,361,361,361,361,361,168,81,"2 AS-BN","Left","left","AS",1,1.13440203667,0.133361101151,1,183,1,183,0,57,0,57,NA,"0"
"362",362,362,362,362,362,362,362,362,362,362,169,82,"2 AS-BN","Right","left","BN",0,1.134567976,0.133443832397,0,183,0,183,1,58,1,58,NA,"0"
"363",363,363,363,363,363,363,363,363,363,363,170,57,"3 BS-BN","Left","left","BS",1,1.63476204872,0.634451150894,1,184,1,184,0,58,0,58,NA,"0"
"364",364,364,364,364,364,364,364,364,364,364,171,164,"6 AN-BN","None","right","AN",0,1.83644580841,0.835377931595,NA,184,NA,184,NA,58,NA,58,NA,"1"
"365",365,365,365,365,365,365,365,365,365,365,172,29,"1 AS-AN","Left","right","AN",0,1.83662486076,0.835771083832,0,184,0,184,1,59,1,59,NA,"1"
"366",366,366,366,366,366,366,366,366,366,366,173,97,"4 BS-AN","Left","left","BS",1,1.1345281601,0.13349199295,1,185,1,185,0,59,0,59,NA,"0"
"367",367,367,367,367,367,367,367,367,367,367,174,98,"4 BS-AN","Right","right","BS",1,1.11822295189,0.11710190773,1,186,1,186,0,59,0,59,NA,"1"
"368",368,368,368,368,368,368,368,368,368,368,175,139,"5 AS-BS","Both","left","AS",1,1.13470888138,0.133660793304,NA,186,NA,186,NA,59,NA,59,NA,"0"
"369",369,369,369,369,369,369,369,369,369,369,176,159,"5 AS-BS","Both","left","AS",1,1.11930704117,0.118221998215,NA,186,NA,186,NA,59,NA,59,NA,"0"
"370",370,370,370,370,370,370,370,370,370,370,177,111,"4 BS-AN","Left","right","AN",0,1.23462200165,0.233557939529,0,186,0,186,1,60,1,60,NA,"1"
"371",371,371,371,371,371,371,371,371,371,371,178,86,"2 AS-BN","Right","right","AS",1,1.23475885391,0.233597040176,1,187,1,187,0,60,0,60,NA,"1"
"372",372,372,372,372,372,372,372,372,372,372,179,117,"4 BS-AN","Left","right","AN",0,1.23005795479,0.22886800766,0,187,0,187,1,61,1,61,NA,"1"
"373",373,373,373,373,373,373,373,373,373,373,180,149,"5 AS-BS","Both","left","AS",1,1.13330197334,0.132242918015,NA,187,NA,187,NA,61,NA,61,NA,"0"
"374",374,374,374,374,374,374,374,374,374,374,181,59,"3 BS-BN","Left","left","BS",1,1.2237701416,0.222615003586,1,188,1,188,0,61,0,61,NA,"0"
"375",375,375,375,375,375,375,375,375,375,375,182,167,"6 AN-BN","None","left","AN",0,2.0370490551,1.03595209122,NA,188,NA,188,NA,61,NA,61,NA,"0"
"376",376,376,376,376,376,376,376,376,376,376,183,124,"4 BS-AN","Right","right","BS",1,1.53464794159,0.533560037613,1,189,1,189,0,61,0,61,NA,"1"
"377",377,377,377,377,377,377,377,377,377,377,184,106,"4 BS-AN","Right","right","BS",1,1.13400793076,0.132812023163,1,190,1,190,0,61,0,61,NA,"1"
"378",378,378,378,378,378,378,378,378,378,378,185,130,"5 AS-BS","Both","right","AS",1,1.71942400932,0.718622207642,NA,190,NA,190,NA,61,NA,61,NA,"1"
"379",379,379,379,379,379,379,379,379,379,379,186,94,"2 AS-BN","Right","right","AS",1,1.71958494186,0.718445062637,1,191,1,191,0,61,0,61,NA,"1"
"380",380,380,380,380,380,380,380,380,380,380,187,12,"1 AS-AN","Right","right","AS",1,1.41794204712,0.417692899704,1,192,1,192,0,61,0,61,NA,"1"
"381",381,381,381,381,381,381,381,381,381,381,188,55,"3 BS-BN","Left","left","BS",1,1.63153100014,0.630425930023,1,193,1,193,0,61,0,61,NA,"0"
"382",382,382,382,382,382,382,382,382,382,382,189,108,"4 BS-AN","Right","right","BS",1,2.03740000725,1.0363740921,1,194,1,194,0,61,0,61,NA,"1"
"383",383,383,383,383,383,383,383,383,383,383,190,172,"6 AN-BN","None","left","BN",1,1.93646121025,0.935301065445,NA,194,NA,194,NA,61,NA,61,NA,"0"
"384",384,384,384,384,384,384,384,384,384,384,191,61,"3 BS-BN","Left","left","BS",1,1.13005304337,0.128984928131,1,195,1,195,0,61,0,61,NA,"0"
