Ensayo, Estimulo, Respuesta, Correcto, Aciertos, Errores, Hits, ContadorH, Rechazos, ContadorR, Falsas alarmas, ContadorF, Omisiones, ContadorM, Confidence, RTime1, RTime1b, RTime2, Color, ,,,,
139,1,s,1,100,40,1,50,False,50,False,16,False,24,6,2.652849913,1.15171814,1.503935099,Naranja,,,,,
538,2,s,1,408,131,1,249,False,159,False,102,False,29,5,1.95373702,0.452586889,0.501441956,Verde,,,,,
277,3,s,1,209,69,1,114,False,95,False,41,False,28,6,2.453184843,0.952054024,0.50135088,Purpura,,RT1,RT2,RT3,
390,4,s,1,297,94,1,170,False,127,False,65,False,29,6,3.155546904,1.654474974,0.300915003,Azul,A,2.444450919,0.94335935,0.704775255,
483,5,s,1,367,117,1,218,False,149,False,88,False,29,5,2.052382946,0.551276922,0.301063061,Verde,,,,,
33,6,s,1,21,13,1,5,False,16,False,3,False,10,5,2.755247116,1.254130125,1.30359292,Purpura,AS,2.391152892,0.8900567,0.696327868,
58,7,s,1,38,21,1,16,False,22,False,6,False,15,5,2.653546095,1.152446985,1.30379796,Azul,AN,2.497748946,0.996662001,0.713222642,
402,8,s,1,306,97,1,175,False,131,False,68,False,29,6,1.65300703,0.152450085,3.20768714,Naranja,,,,,
544,9,s,1,411,134,1,252,False,159,False,105,False,29,5,2.041615009,0.540987015,0.300862074,Purpura,,,,,
596,10,s,1,448,149,1,267,False,181,False,117,False,32,6,2.048380852,0.547317028,0.300863028,Azul,,,,,
94,11,s,1,69,26,1,31,False,38,False,6,False,20,6,2.242417097,0.741298914,1.002708197,Naranja,B,2.420076413,0.919094589,0.733930881,
386,12,s,1,293,94,1,168,False,125,False,65,False,29,5,2.442029953,0.940890789,0.301054001,Verde,,,,,
407,13,s,1,310,98,1,177,False,133,False,69,False,29,6,2.542166948,1.040970087,0.200737,Azul,BS,2.437887722,0.936895619,0.708223826,
1,14,n,False,0,2,False,0,False,0,False,0,1,2,1,1.639093161,0.138005018,1.704602003,Naranja,BN,2.402265105,0.901293558,0.759637935,
590,15,s,1,444,147,1,264,False,180,False,115,False,32,6,2.34849906,0.847274065,0.300994158,Verde,,,,,
290,16,s,1,220,71,1,123,False,97,False,43,False,28,6,2.448786974,0.947683811,0.300683022,Purpura,,,,,
606,17,s,1,455,152,1,269,False,186,False,120,False,32,6,2.643329859,1.142203093,0.802136183,Naranja,,Hits,F.Alarmas,Rechazos,Omisiones
212,18,s,1,160,53,1,80,False,80,False,25,False,28,5,3.952775002,2.451721907,0.601458073,Verde,A,146,65,95,14
198,19,s,1,149,50,1,73,False,76,False,22,False,28,5,2.851184845,1.350047827,0.902900934,Purpura,B,142,65,95,18
302,20,s,1,229,74,1,129,False,100,False,46,False,28,6,2.24053216,0.74032712,0.301384926,Azul,,,,,
202,21,s,1,153,50,1,77,False,76,False,22,False,28,5,2.649263859,1.148097992,0.501828909,Verde,,,,,
226,22,s,1,171,56,1,87,False,84,False,28,False,28,5,2.943094015,1.442543983,0.90280509,Purpura,,,,,
251,23,s,1,190,62,1,101,False,89,False,34,False,28,6,2.94257617,1.441430092,1.102788925,Azul,,,,,
36,24,n,False,21,16,False,5,False,16,False,4,1,12,2,3.64441514,2.143302917,1.303487062,Naranja,,,,,
240,25,s,1,182,59,1,94,False,88,False,31,False,28,6,2.654975891,1.15386796,0.50139904,Purpura,,,,,
107,26,s,1,77,31,1,36,False,41,False,10,False,21,5,2.853604078,1.35318017,0.802100182,Azul,,,,,
218,27,s,1,165,54,1,84,False,81,False,26,False,28,6,2.654030085,1.152868032,0.501343966,Naranja,,,,,
414,28,s,1,314,101,1,181,False,133,False,72,False,29,5,2.052917004,0.551861048,0.301389933,Verde,,,,,
485,29,s,1,369,117,1,220,False,149,False,88,False,29,6,1.952810049,0.451654911,0.301301003,Azul,,,,,
76,30,n,False,53,24,False,19,False,34,False,6,1,18,2,2.553588867,1.052395821,1.403596878,Naranja,,,,,
186,31,s,1,138,49,1,70,False,68,False,21,False,28,5,2.753811836,1.25267601,0.801811934,Verde,,,,,
233,32,s,1,176,58,1,90,False,86,False,30,False,28,6,2.454283953,0.953124046,0.602356911,Purpura,,,,,
113,33,s,1,82,32,1,38,False,44,False,10,False,22,6,2.352760792,0.851642132,1.203111172,Naranja,,,,,
153,34,n,False,112,42,False,59,False,53,False,17,1,25,3,2.754694939,1.253618002,1.00248909,Verde,,,,,
531,35,s,1,402,130,1,244,False,158,False,101,False,29,6,2.553474903,1.052379847,0.301064968,Purpura,,,,,
527,36,s,1,398,130,1,241,False,157,False,101,False,29,5,2.554466963,1.053279877,1.704097033,Azul,,,,,
45,37,n,False,28,18,False,8,False,20,False,5,1,13,2,2.453900099,0.952768087,1.202989817,Verde,,,,,
257,38,s,1,194,64,1,103,False,91,False,36,False,28,5,2.453781843,0.952680826,0.402630806,Purpura,,,,,
637,39,s,1,476,162,1,287,False,189,False,130,False,32,5,1.651651859,0.150605917,0.30080986,Azul,,,,,
381,40,s,1,288,94,1,163,False,125,False,65,False,29,6,2.353290081,0.852705002,0.200631142,Naranja,,,,,
436,41,s,1,334,103,1,195,False,139,False,74,False,29,5,2.641082048,1.140016079,0.802248001,Purpura,,,,,
276,42,s,1,208,69,1,113,False,95,False,41,False,28,6,2.041069031,0.539983034,0.902485132,Azul,,,,,
385,43,s,1,292,94,1,167,False,125,False,65,False,29,6,2.141895771,0.640791893,0.401301861,Naranja,,,,,
79,44,s,1,56,24,1,20,False,36,False,6,False,18,5,2.742629051,1.241439819,1.905093908,Verde,,,,,
401,45,s,1,305,97,1,174,False,131,False,68,False,29,6,1.838090897,0.3370049,0.300865889,Azul,,,,,
12,46,n,False,6,7,False,1,False,5,False,0,1,7,2,2.442017078,0.940941095,1.403423071,Naranja,,,,,
200,47,s,1,151,50,1,75,False,76,False,22,False,28,6,2.442540884,0.94133687,0.501333952,Verde,,,,,
380,48,s,1,287,94,1,162,False,125,False,65,False,29,5,2.248219967,0.747092009,0.300881147,Purpura,,,,,
611,49,s,1,459,153,1,272,False,187,False,121,False,32,6,1.638791084,0.13766098,0.200641155,Naranja,,,,,
493,50,s,1,374,120,1,224,False,150,False,91,False,29,6,2.148082972,0.646943092,0.40128088,Verde,,,,,
232,51,s,1,175,58,1,89,False,86,False,30,False,28,5,2.448588133,0.947530985,0.501938105,Purpura,,,,,
535,52,s,1,405,131,1,247,False,158,False,102,False,29,6,2.348533869,0.847444057,0.301259041,Azul,,,,,
622,53,s,1,467,156,1,279,False,188,False,124,False,32,5,1.647022963,0.145917892,0.100425005,Verde,,,,,
75,54,n,False,53,23,False,19,False,34,False,6,1,17,2,3.044142008,1.542981863,1.003206968,Purpura,,,,,
117,55,s,1,86,32,1,40,False,46,False,10,False,22,6,3.150725126,1.649651051,1.503865957,Azul,,,,,
362,56,s,1,274,89,1,153,False,121,False,60,False,29,6,2.349784136,0.848747969,0.300817013,Naranja,,,,,
41,57,s,1,26,16,1,6,False,20,False,4,False,12,4,3.35612607,1.85503602,1.102699041,Purpura,,,,,
576,58,s,1,435,142,1,260,False,175,False,112,False,30,6,1.95242691,0.451254845,0.300806046,Azul,,,,,
432,59,s,1,330,103,1,191,False,139,False,74,False,29,6,3.356428862,1.85537982,0.300913095,Naranja,,,,,
439,60,s,1,336,104,1,197,False,139,False,75,False,29,5,1.652981997,0.151928902,1.904734135,Verde,,,,,
384,61,s,1,291,94,1,166,False,125,False,65,False,29,6,2.251852036,0.750757933,0.300993919,Azul,,,,,
87,62,s,1,63,25,1,27,False,36,False,6,False,19,5,2.655014038,1.153911114,1.002418041,Naranja,,,,,
513,63,s,1,387,127,1,232,False,155,False,98,False,29,6,1.951808929,0.450767994,0.401087999,Verde,,,,,
129,64,s,1,95,35,1,48,False,47,False,12,False,23,5,2.854291916,1.353245974,0.601799965,Purpura,,,,,
484,65,s,1,368,117,1,219,False,149,False,88,False,29,6,1.651501179,0.150603056,1.002967119,Naranja,,,,,
416,66,s,1,316,101,1,182,False,134,False,72,False,29,6,1.65317297,0.15209198,0.200705051,Verde,,,,,
280,67,s,1,211,70,1,116,False,95,False,42,False,28,6,2.452398062,0.951261997,0.401159048,Purpura,,,,,
43,68,s,1,28,16,1,8,False,20,False,4,False,12,5,3.45480299,1.953698874,1.103171825,Azul,,,,,
53,69,s,1,34,20,1,12,False,22,False,5,False,15,6,2.252993107,0.751862049,1.303172112,Verde,,,,,
437,70,s,1,335,103,1,196,False,139,False,74,False,29,6,1.953280926,0.452183962,0.301080942,Purpura,,,,,
617,71,s,1,462,156,1,275,False,187,False,124,False,32,6,1.852210999,0.351055145,0.301503181,Azul,,,,,
214,72,s,1,162,53,1,82,False,80,False,25,False,28,5,2.554629087,1.053251028,0.401152134,Naranja,,,,,
618,73,s,1,463,156,1,276,False,187,False,124,False,32,6,2.048012018,0.546957016,0.300965071,Purpura,,,,,
620,74,s,1,465,156,1,277,False,188,False,124,False,32,5,2.341942072,0.840866089,0.301393986,Azul,,,,,
171,75,s,1,126,46,1,64,False,62,False,18,False,28,6,3.243284941,1.742136955,1.002512932,Naranja,,,,,
3,76,n,False,1,3,False,1,False,0,False,0,1,3,1,2.441225052,0.940038204,1.904383898,Verde,,,,,
639,77,s,1,478,162,1,288,False,190,False,130,False,32,5,1.639817953,0.138664961,0.501430988,Azul,,,,,
541,78,s,1,409,133,1,250,False,159,False,104,False,29,6,1.738976955,0.237854004,0.401636124,Naranja,,,,,
417,79,s,1,317,101,1,183,False,134,False,72,False,29,6,2.040758133,0.539638996,0.401055098,Verde,,,,,
307,80,s,1,234,74,1,132,False,102,False,46,False,28,5,1.647436142,0.146368027,0.401503086,Purpura,,,,,
382,81,s,1,289,94,1,164,False,125,False,65,False,29,6,2.252961159,0.751915932,0.30086422,Naranja,,,,,
376,82,s,1,285,92,1,160,False,125,False,63,False,29,6,2.449316025,0.948226929,0.300782919,Verde,,,,,
495,83,s,1,375,121,1,225,False,150,False,92,False,29,6,2.44907403,0.948035955,0.300729036,Purpura,,,,,
525,84,s,1,396,130,1,239,False,157,False,101,False,29,6,1.848057985,0.346871138,0.401288033,Azul,,,,,
160,85,n,False,116,45,False,61,False,55,False,18,1,27,2,3.055040836,1.553935051,1.102886915,Verde,,,,,
65,86,n,False,44,22,False,17,False,27,False,6,1,16,2,3.552330017,2.051112175,1.303723097,Purpura,,,,,
317,87,s,1,241,77,1,137,False,104,False,49,False,28,6,2.453206062,0.952074051,0.30138588,Azul,,,,,
383,88,s,1,290,94,1,165,False,125,False,65,False,29,6,2.354461908,0.853298903,0.200873852,Naranja,,,,,
428,89,s,1,326,103,1,187,False,139,False,74,False,29,5,1.652055979,0.150954962,0.200644016,Purpura,,,,,
92,90,s,1,67,26,1,30,False,37,False,6,False,20,6,2.75375104,1.25266695,0.802036047,Azul,,,,,
299,91,s,1,226,74,1,127,False,99,False,46,False,28,6,1.952280998,0.451163054,0.401205063,Naranja,,,,,
184,92,s,1,137,48,1,69,False,68,False,20,False,28,6,2.955624819,1.454543829,0.601665974,Verde,,,,,
298,93,s,1,225,74,1,126,False,99,False,46,False,28,6,1.751971006,0.250821829,0.401175022,Azul,,,,,
398,94,s,1,302,97,1,172,False,130,False,68,False,29,6,1.751995087,0.250808954,0.300826073,Naranja,,,,,
281,95,s,1,212,70,1,117,False,95,False,42,False,28,6,1.952342033,0.451159954,0.401220083,Verde,,,,,
289,96,s,1,219,71,1,122,False,97,False,43,False,28,6,2.154330969,0.653215885,0.300945044,Purpura,,,,,
610,97,s,1,458,153,1,271,False,187,False,121,False,32,6,1.752128839,0.251034975,0.300904036,Naranja,,,,,
516,98,s,1,390,127,1,235,False,155,False,98,False,29,6,1.651937008,0.149352074,1.203117132,Verde,,,,,
205,99,s,1,156,50,1,78,False,78,False,22,False,28,6,2.353353977,0.852248192,0.701893091,Purpura,,,,,
84,100,s,1,61,24,1,25,False,36,False,6,False,18,6,2.254273176,0.753060102,1.202826977,Azul,,,,,
465,101,s,1,355,111,1,208,False,147,False,82,False,29,5,2.254296064,0.753232002,0.300797939,Verde,,,,,
308,102,s,1,235,74,1,133,False,102,False,46,False,28,6,1.852364063,0.351151943,0.401172161,Purpura,,,,,
521,103,s,1,393,129,1,237,False,156,False,100,False,29,6,1.751705885,0.250576973,0.302134991,Azul,,,,,
82,104,s,1,59,24,1,23,False,36,False,6,False,18,6,2.453455925,0.952287912,1.203124046,Naranja,,,,,
163,105,n,False,118,46,False,61,False,57,False,18,1,28,2,4.547715187,3.046617985,1.603936195,Purpura,,,,,
91,106,s,1,66,26,1,29,False,37,False,6,False,20,6,3.144937038,1.643854856,1.102936983,Azul,,,,,
595,107,s,1,447,149,1,266,False,181,False,117,False,32,6,2.643097878,1.141973019,0.300915003,Naranja,,,,,
274,108,s,1,206,69,1,112,False,94,False,41,False,28,6,2.242331028,0.741143942,0.401192904,Verde,,,,,
293,109,s,1,222,72,1,124,False,98,False,44,False,28,6,2.352890968,0.851717949,0.401199818,Azul,,,,,
14,110,n,False,7,8,False,1,False,6,False,0,1,8,3,3.351688862,1.850608826,1.603914022,Naranja,,,,,
470,111,s,1,359,112,1,212,False,147,False,83,False,29,6,1.65186286,0.150746822,0.300992012,Verde,,,,,
125,112,s,1,91,35,1,44,False,47,False,12,False,23,6,3.144033194,1.642868996,0.702010155,Purpura,,,,,
216,113,s,1,164,53,1,83,False,81,False,25,False,28,6,2.749714136,1.248591185,0.501597881,Naranja,,,,,
472,114,s,1,360,113,1,213,False,147,False,84,False,29,6,1.648067951,0.147021055,2.105343103,Verde,,,,,
138,115,n,False,99,40,False,49,False,50,False,16,1,24,2,3.557537079,2.056445837,1.503684998,Purpura,,,,,
615,116,s,1,461,155,1,274,False,187,False,123,False,32,6,1.651546001,0.150437117,1.203510046,Azul,,,,,
515,117,s,1,389,127,1,234,False,155,False,98,False,29,6,2.051486015,0.550364971,0.401274204,Verde,,,,,
154,118,s,1,113,42,1,60,False,53,False,17,False,25,6,2.654005051,1.15286994,0.70232296,Purpura,,,,,
20,119,n,False,11,10,False,1,False,10,False,0,1,10,2,2.654360056,1.153648853,1.202791929,Azul,,,,,
314,120,s,1,239,76,1,136,False,103,False,48,False,28,5,2.457141876,0.955965996,0.401288986,Naranja,,,,,
409,121,s,1,311,99,1,178,False,133,False,70,False,29,6,2.052575827,0.551435947,0.200781107,Purpura,,,,,
219,122,s,1,166,54,1,85,False,81,False,26,False,28,6,2.553347111,1.052159071,0.501151085,Azul,,,,,
587,123,s,1,442,146,1,263,False,179,False,114,False,32,6,2.25304985,0.751895905,0.300919056,Naranja,,,,,
144,124,s,1,105,40,1,54,False,51,False,16,False,24,6,2.65399909,1.152851105,0.501510859,Verde,,,,,
220,125,s,1,167,54,1,86,False,81,False,26,False,28,6,2.253578901,0.752459049,0.401119947,Azul,,,,,
411,126,s,1,313,99,1,180,False,133,False,70,False,29,6,1.653160095,0.152006865,0.301441908,Naranja,,,,,
145,127,s,1,106,40,1,55,False,51,False,16,False,24,6,2.653938055,1.152801037,0.501368046,Verde,,,,,
194,128,s,1,146,49,1,72,False,74,False,21,False,28,6,2.553531885,1.052347898,0.401160955,Purpura,,,,,
476,129,s,1,363,114,1,215,False,148,False,85,False,29,6,1.752264977,0.251068115,0.300796032,Naranja,,,,,
477,130,s,1,364,114,1,216,False,148,False,85,False,29,6,2.053478956,0.552345037,0.400970936,Verde,,,,,
244,131,s,1,185,60,1,96,False,89,False,32,False,28,6,2.554924965,1.053745985,0.501176834,Purpura,,,,,
142,132,s,1,103,40,1,52,False,51,False,16,False,24,6,2.654181957,1.15310812,0.601984024,Azul,,,,,
270,133,s,1,202,69,1,109,False,93,False,41,False,28,6,1.952296019,0.451165915,0.300812006,Verde,,,,,
473,134,s,1,361,113,1,214,False,147,False,84,False,29,6,1.952303886,0.451187849,0.501341105,Purpura,,,,,
85,135,s,1,62,24,1,26,False,36,False,6,False,18,6,2.956287861,1.455232859,2.005224943,Azul,,,,,
143,136,s,1,104,40,1,53,False,51,False,16,False,24,6,2.554467916,1.053384066,1.102835178,Naranja,,,,,
49,137,s,1,31,19,1,10,False,21,False,5,False,14,5,4.24605298,2.744968891,1.403698206,Purpura,,,,,
106,138,s,1,76,31,1,35,False,41,False,10,False,21,6,2.253371954,0.752199888,0.702573061,Azul,,,,,
267,139,s,1,200,68,1,107,False,93,False,40,False,28,6,1.650595903,0.150263071,0.300906897,Naranja,,,,,
350,140,s,1,265,86,1,148,False,117,False,57,False,29,6,1.651464939,0.150292158,0.401062965,Verde,,,,,
358,141,s,1,270,89,1,152,False,118,False,60,False,29,6,2.44253993,0.941401005,0.300843,Azul,,,,,
128,142,s,1,94,35,1,47,False,47,False,12,False,23,6,2.643776894,1.142742872,1.403561831,Naranja,,,,,
80,143,s,1,57,24,1,21,False,36,False,6,False,18,6,3.256235123,1.755094051,1.503978014,Verde,,,,,
505,144,s,1,381,125,1,227,False,154,False,96,False,29,6,1.941380978,0.44024992,0.300838947,Purpura,,,,,
378,145,s,1,286,93,1,161,False,125,False,64,False,29,6,2.55381012,1.052668095,0.300889969,Naranja,,,,,
514,146,s,1,388,127,1,233,False,155,False,98,False,29,6,1.85308814,0.35196805,0.501421928,Verde,,,,,
410,147,s,1,312,99,1,179,False,133,False,70,False,29,6,2.253422976,0.752273083,0.200612068,Purpura,,,,,
564,148,s,1,426,139,1,257,False,169,False,109,False,30,6,1.953254938,0.452153921,0.300848961,Azul,,,,,
334,149,s,1,254,81,1,144,False,110,False,52,False,29,6,1.951106071,0.450024128,0.300965071,Verde,,,,,
57,150,s,1,37,21,1,15,False,22,False,6,False,15,5,3.857627153,2.356441975,1.102921009,Purpura,,,,,
269,151,s,1,201,69,1,108,False,93,False,41,False,28,6,1.651863813,0.150744915,0.300891876,Azul,,,,,
479,152,s,1,365,115,1,217,False,148,False,86,False,29,6,1.952101946,0.451048136,0.401638985,Naranja,,,,,
319,153,s,1,243,77,1,139,False,104,False,49,False,28,6,2.254189014,0.753010035,0.301004887,Purpura,,,,,
2,154,s,1,1,2,1,1,False,0,False,0,False,2,6,3.155776024,1.654663801,2.907285929,Azul,,,,,
147,155,s,1,108,40,1,57,False,51,False,16,False,24,5,2.956059933,1.454858065,1.002627134,Naranja,,,,,
388,156,s,1,295,94,1,169,False,126,False,65,False,29,6,1.652719021,0.151551008,0.300899982,Verde,,,,,
71,157,s,1,50,22,1,18,False,32,False,6,False,16,6,2.654053926,1.152942896,1.102934122,Azul,,,,,
546,158,s,1,412,135,1,253,False,159,False,106,False,29,6,1.852552891,0.351369858,0.401136875,Naranja,,,,,
431,159,s,1,329,103,1,190,False,139,False,74,False,29,6,1.651952028,0.15083313,0.100459099,Verde,,,,,
230,160,s,1,174,57,1,88,False,86,False,29,False,28,6,2.755054951,1.254641056,0.80221796,Purpura,,,,,
443,161,s,False,337,107,False,197,False,140,1,78,False,29,5,2.152715206,0.651529074,0.300841093,Naranja,,,,,
397,162,s,False,301,97,False,171,False,130,1,68,False,29,5,2.353397131,0.852324009,0.300841093,Verde,,,,,
367,163,s,False,276,92,False,155,False,121,1,63,False,29,6,2.453472853,0.952375889,1.303988934,Purpura,,,,,
239,164,s,False,181,59,False,93,False,88,1,31,False,28,6,2.55419302,1.053062916,1.303719997,Azul,,,,,
259,165,s,False,195,65,False,104,False,91,1,37,False,28,5,2.353041172,0.8518641,0.501520872,Verde,,,,,
72,166,n,1,51,22,False,18,1,33,False,6,False,16,1,2.253577948,0.75244689,1.203176975,Purpura,,,,,
408,167,s,False,310,99,False,177,False,133,1,70,False,29,6,1.951898098,0.450731993,0.301018953,Azul,,,,,
278,168,s,False,209,70,False,114,False,95,1,42,False,28,4,2.653972149,1.152801991,0.401239872,Naranja,,,,,
55,169,s,False,35,21,False,13,False,22,1,6,False,15,6,2.94321084,1.442098856,1.504198074,Purpura,,,,,
353,170,s,False,266,88,False,149,False,117,1,59,False,29,6,1.748030901,0.246836901,0.301074982,Azul,,,,,
231,171,s,False,174,58,False,88,False,86,1,30,False,28,6,2.743265152,1.242080212,0.401376963,Naranja,,,,,
490,172,s,False,371,120,False,221,False,150,1,91,False,29,4,2.241208076,0.740087032,0.300796032,Verde,,,,,
336,173,s,False,255,82,False,144,False,111,1,53,False,29,5,2.743028879,1.241991997,0.300848007,Azul,,,,,
344,174,n,1,262,83,False,146,1,116,False,54,False,29,1,2.448210001,0.94699502,0.501357079,Naranja,,,,,
209,175,s,False,158,52,False,78,False,80,1,24,False,28,4,2.84998703,1.348803043,0.501449823,Verde,,,,,
173,176,n,1,128,46,False,65,1,63,False,18,False,28,1,2.650534153,1.149471045,2.906522989,Purpura,,,,,
151,177,s,False,111,41,False,58,False,53,1,17,False,24,5,3.95243907,2.451290131,0.701907158,Naranja,,,,,
440,178,s,False,336,105,False,197,False,139,1,76,False,29,6,2.248603821,0.747537851,0.300805092,Verde,,,,,
412,179,s,False,313,100,False,180,False,133,1,71,False,29,6,1.646680117,0.145607948,0.20045495,Purpura,,,,,
105,180,s,False,75,31,False,34,False,41,1,10,False,21,6,2.854199886,1.353042841,1.102617025,Azul,,,,,
480,181,s,False,365,116,False,217,False,148,1,87,False,29,5,2.040817976,0.539612055,0.401027918,Verde,,,,,
207,182,n,1,158,50,False,78,1,80,False,22,False,28,1,2.450064898,0.948986053,0.501460791,Purpura,,,,,
77,183,n,1,54,24,False,19,1,35,False,6,False,18,2,2.542728901,1.041561842,1.303399086,Azul,,,,,
190,184,n,1,142,49,False,71,1,71,False,21,False,28,1,2.650454044,1.149310112,0.601423025,Naranja,,,,,
217,185,s,False,164,54,False,83,False,81,1,26,False,28,6,3.958161116,2.456973076,0.802155018,Purpura,,,,,
419,186,s,False,318,102,False,183,False,135,1,73,False,29,6,1.854635,0.353466034,0.401768923,Azul,,,,,
405,187,s,False,308,98,False,176,False,132,1,69,False,29,6,2.253111839,0.752765894,0.301005125,Naranja,,,,,
131,188,s,False,96,36,False,48,False,48,1,13,False,23,5,3.555128098,2.053874016,0.501322031,Verde,,,,,
348,189,s,False,264,85,False,147,False,117,1,56,False,29,5,2.452137947,0.951020956,0.401027918,Azul,,,,,
341,190,s,False,259,83,False,145,False,114,1,54,False,29,4,4.157667875,2.656631947,0.701855898,Naranja,,,,,
583,191,s,False,439,145,False,262,False,177,1,114,False,31,5,3.054886103,1.553757906,0.300832033,Verde,,,,,
539,192,s,False,408,132,False,249,False,159,1,103,False,29,5,1.851953983,0.350850105,0.401859999,Purpura,,,,,
392,193,s,False,298,95,False,170,False,128,1,66,False,29,5,2.554089785,1.052953959,0.200800896,Naranja,,,,,
137,194,s,False,99,39,False,49,False,50,1,16,False,23,6,3.155904055,1.654797077,1.503891945,Verde,,,,,
297,195,s,False,224,74,False,125,False,99,1,46,False,28,6,2.955465078,1.454267025,0.400990009,Purpura,,,,,
569,196,s,False,428,142,False,257,False,171,1,112,False,30,4,3.155186892,1.654139996,0.301067114,Azul,,,,,
159,197,n,1,116,44,False,61,1,55,False,18,False,26,1,2.854496956,1.353384018,1.604074001,Verde,,,,,
67,198,n,1,46,22,False,17,1,29,False,6,False,16,1,2.554435015,1.053935051,1.203317881,Purpura,,,,,
502,199,n,1,379,124,False,226,1,153,False,95,False,29,3,2.454740047,0.953560114,0.401313066,Azul,,,,,
182,200,n,1,135,48,False,68,1,67,False,20,False,28,1,2.75532198,1.254230022,0.501340151,Naranja,,,,,
511,201,s,False,386,126,False,231,False,155,1,97,False,29,6,1.741080999,0.239961147,0.300867081,Purpura,,,,,
245,202,s,False,185,61,False,96,False,89,1,33,False,28,6,2.643260002,1.142087936,1.002535105,Azul,,,,,
208,203,s,False,158,51,False,78,False,80,1,23,False,28,6,2.549043894,1.047948837,0.501285076,Naranja,,,,,
246,204,s,False,185,62,False,96,False,89,1,34,False,28,6,2.051091909,0.54995203,1.403053999,Verde,,,,,
542,205,s,False,409,134,False,250,False,159,1,105,False,29,6,1.740148067,0.239072084,0.300808907,Azul,,,,,
605,206,n,1,454,152,False,268,1,186,False,120,False,32,1,1.940907002,0.439790964,1.103239059,Naranja,,,,,
215,207,n,1,163,53,False,82,1,81,False,25,False,28,2,3.644240141,2.143142939,0.601716042,Verde,,,,,
448,208,n,1,341,108,False,197,1,144,False,79,False,29,1,1.946712971,0.445559978,0.401157856,Purpura,,,,,
580,209,s,False,438,143,False,262,False,176,1,113,False,30,5,3.354520082,1.853363991,0.300996065,Naranja,,,,,
592,210,s,False,444,149,False,264,False,180,1,117,False,32,5,2.34138298,0.84029007,0.301468134,Verde,,,,,
352,211,s,False,266,87,False,149,False,117,1,58,False,29,6,1.951588154,0.451291084,0.300945044,Purpura,,,,,
192,212,n,1,144,49,False,71,1,73,False,21,False,28,1,2.55044198,1.049342155,0.501832008,Azul,,,,,
361,213,n,1,273,89,False,152,1,121,False,60,False,29,3,2.84317708,1.342665911,0.501706839,Verde,,,,,
93,214,n,1,68,26,False,30,1,38,False,6,False,20,1,2.642673969,1.14151001,1.002585888,Purpura,,,,,
329,215,n,1,252,78,False,143,1,109,False,50,False,28,1,2.148691177,0.647525072,0.401074171,Azul,,,,,
136,216,n,1,99,38,False,49,1,50,False,15,False,23,1,2.750689983,1.249663115,1.103000879,Naranja,,,,,
474,217,s,False,361,114,False,214,False,147,1,85,False,29,6,1.952956915,0.451822996,0.400995016,Purpura,,,,,
360,218,n,1,272,89,False,152,1,120,False,60,False,29,3,2.553939104,1.052765131,0.5013659,Azul,,,,,
589,219,s,False,443,147,False,263,False,180,1,115,False,32,5,2.653192997,1.152131081,0.401182175,Naranja,,,,,
498,220,s,False,375,124,False,225,False,150,1,95,False,29,5,2.152798176,0.651594162,0.300937176,Verde,,,,,
110,221,n,1,79,32,False,36,1,43,False,10,False,22,1,2.754545927,1.253357887,1.303455114,Azul,,,,,
425,222,n,1,323,103,False,186,1,137,False,74,False,29,2,2.554169893,1.053007841,0.601645947,Naranja,,,,,
438,223,s,False,335,104,False,196,False,139,1,75,False,29,5,1.752024889,0.250951052,0.200737,Verde,,,,,
427,224,n,1,325,103,False,186,1,139,False,74,False,29,1,2.052804947,0.551661968,0.401230097,Purpura,,,,,
310,225,n,1,236,75,False,133,1,103,False,47,False,28,2,2.5545609,1.053459167,0.502291203,Naranja,,,,,
584,226,n,1,440,145,False,262,1,178,False,114,False,31,2,2.353518009,0.852483988,0.401268005,Verde,,,,,
467,227,s,False,356,112,False,209,False,147,1,83,False,29,6,1.651407957,0.150342941,0.300706863,Purpura,,,,,
100,228,s,False,73,28,False,32,False,41,1,8,False,20,5,2.553654909,1.05337882,1.102881908,Azul,,,,,
130,229,n,1,96,35,False,48,1,48,False,12,False,23,2,2.653922081,1.15278101,1.504155874,Verde,,,,,
537,230,n,1,407,131,False,248,1,159,False,102,False,29,2,2.953963041,1.452756882,0.501368046,Purpura,,,,,
413,231,s,False,313,101,False,180,False,133,1,72,False,29,6,2.052835941,0.551650047,0.301372051,Azul,,,,,
356,232,n,1,268,89,False,150,1,118,False,60,False,29,2,2.154651165,0.653554201,0.501827955,Naranja,,,,,
365,233,s,False,276,90,False,155,False,121,1,61,False,29,6,2.341509104,0.840357065,0.300804853,Purpura,,,,,
379,234,s,False,286,94,False,161,False,125,1,65,False,29,6,2.342236042,0.841134071,0.300781965,Azul,,,,,
197,235,s,False,148,50,False,72,False,76,1,22,False,28,5,3.142469883,1.641334057,0.50130105,Naranja,,,,,
135,236,s,False,98,38,False,49,False,49,1,15,False,23,5,2.743356943,1.242166996,0.601701021,Verde,,,,,
37,237,n,1,22,16,False,5,1,17,False,4,False,12,1,3.444296122,1.943145037,1.202919006,Azul,,,,,
337,238,n,1,256,82,False,144,1,112,False,53,False,29,1,2.65083003,1.149745941,0.50129199,Naranja,,,,,
497,239,s,False,375,123,False,225,False,150,1,94,False,29,6,1.646970987,0.145900965,0.30091095,Verde,,,,,
551,240,n,1,416,136,False,255,1,161,False,106,False,30,1,1.848994017,0.34780097,0.401034832,Purpura,,,,,
561,241,s,False,423,139,False,256,False,167,1,109,False,30,5,3.357063055,1.855870962,0.501477003,Naranja,,,,,
614,242,s,False,460,155,False,273,False,187,1,123,False,32,6,1.647683144,0.146644115,0.100368977,Verde,,,,,
47,243,n,1,29,19,False,8,1,21,False,5,False,14,2,3.455542088,1.954395056,1.102948189,Purpura,,,,,
235,244,n,1,178,58,False,91,1,87,False,30,False,28,3,2.654345036,1.15321207,0.501281977,Azul,,,,,
540,245,s,False,408,133,False,249,False,159,1,104,False,29,5,2.24833703,0.747489929,0.300981998,Verde,,,,,
368,246,n,1,277,92,False,155,1,122,False,63,False,29,1,2.248114109,0.746938944,0.40113616,Purpura,,,,,
500,247,n,1,377,124,False,226,1,151,False,95,False,29,2,3.952015877,2.450829983,0.400934935,Azul,,,,,
340,248,n,1,259,82,False,145,1,114,False,53,False,29,3,4.655143976,3.153954983,0.602235079,Naranja,,,,,
555,249,n,1,419,137,False,255,1,164,False,107,False,30,1,2.153764963,0.652637959,0.401552916,Purpura,,,,,
253,250,s,False,191,63,False,101,False,90,1,35,False,28,5,2.854020119,1.353552103,0.501171112,Azul,,,,,
632,251,s,False,473,160,False,284,False,189,1,128,False,32,5,1.653367996,0.1522789,0.300879002,Naranja,,,,,
34,252,s,False,21,14,False,5,False,16,1,4,False,10,5,2.452665091,0.951496124,1.503411055,Verde,,,,,
400,253,n,1,304,97,False,173,1,131,False,68,False,29,2,2.353598118,0.852437019,0.601661921,Azul,,,,,
181,254,n,1,134,48,False,68,1,66,False,20,False,28,1,2.553771019,1.052654028,0.601667881,Naranja,,,,,
175,255,s,False,129,47,False,66,False,63,1,19,False,28,6,3.757583141,2.256494999,1.304037809,Verde,,,,,
330,256,n,1,253,78,False,143,1,110,False,50,False,28,1,2.252990961,0.751795053,0.401100159,Purpura,,,,,
488,257,s,False,371,118,False,221,False,150,1,89,False,29,6,1.65163517,0.150453091,0.801958084,Naranja,,,,,
40,258,n,1,25,16,False,5,1,20,False,4,False,12,2,3.356055975,1.854854107,1.203242064,Verde,,,,,
415,259,n,1,315,101,False,181,1,134,False,72,False,29,2,1.751816034,0.250735998,1.20311904,Purpura,,,,,
602,260,s,False,452,151,False,268,False,184,1,119,False,32,5,2.153903008,0.652872801,0.30136919,Azul,,,,,
164,261,n,1,119,46,False,61,1,58,False,18,False,28,1,2.553515911,1.052340031,0.501308918,Verde,,,,,
335,262,n,1,255,81,False,144,1,111,False,52,False,29,2,4.860216141,3.359034061,1.203010082,Purpura,,,,,
31,263,n,1,19,13,False,4,1,15,False,3,False,10,1,2.053728104,0.552576065,1.403594017,Azul,,,,,
442,264,n,1,337,106,False,197,1,140,False,77,False,29,1,2.05273509,0.551594973,0.401199818,Naranja,,,,,
210,265,s,False,158,53,False,78,False,80,1,25,False,28,6,2.442734003,0.94155097,0.60243392,Purpura,,,,,
193,266,n,1,145,49,False,71,1,74,False,21,False,28,3,2.648072004,1.146898031,0.60163188,Azul,,,,,
626,267,s,False,469,158,False,281,False,188,1,126,False,32,6,1.740038872,0.238962889,0.20070219,Naranja,,,,,
29,268,n,1,17,13,False,3,1,14,False,3,False,10,2,2.541992903,1.040905952,1.303504944,Verde,,,,,
111,269,n,1,80,32,False,36,1,44,False,10,False,22,2,2.242252111,0.741133928,0.701780081,Azul,,,,,
224,270,n,1,170,55,False,86,1,84,False,27,False,28,1,2.148438931,0.647331953,0.602050066,Naranja,,,,,
623,271,s,False,467,157,False,279,False,188,1,125,False,32,5,1.648073912,0.14691186,0.100464821,Verde,,,,,
338,272,n,1,257,82,False,144,1,113,False,53,False,29,1,1.847949982,0.346820831,0.401132822,Purpura,,,,,
178,273,n,1,131,48,False,67,1,64,False,20,False,28,3,2.754030943,1.252880096,0.80231905,Naranja,,,,,
116,274,n,1,85,32,False,39,1,46,False,10,False,22,2,3.654742956,2.153418779,4.010056019,Verde,,,,,
134,275,n,1,98,37,False,49,1,49,False,14,False,23,3,2.954594851,1.454258204,1.203050137,Purpura,,,,,
118,276,s,False,86,33,False,40,False,46,1,11,False,22,5,2.854473829,1.353407145,1.303524971,Azul,,,,,
631,277,s,False,473,159,False,284,False,189,1,127,False,32,5,1.852092981,0.350918055,0.200658083,Verde,,,,,
575,278,n,1,434,142,False,259,1,175,False,112,False,30,1,2.052300215,0.551196098,0.301032066,Purpura,,,,,
557,279,n,1,420,138,False,255,1,165,False,108,False,30,1,2.142573833,0.641456842,0.300924063,Azul,,,,,
68,280,n,1,47,22,False,17,1,30,False,6,False,16,2,2.754284143,1.253121138,1.804671049,Naranja,,,,,
422,281,n,1,320,103,False,184,1,136,False,74,False,29,3,2.854547977,1.353469849,0.501323938,Purpura,,,,,
8,282,n,1,4,5,False,1,1,3,False,0,False,5,2,2.855652094,1.354563951,1.603919983,Azul,,,,,
115,283,n,1,84,32,False,39,1,45,False,10,False,22,2,3.455955982,1.954859972,1.303229094,Naranja,,,,,
582,284,n,1,439,144,False,262,1,177,False,113,False,31,3,2.253087997,0.751863003,0.401183844,Verde,,,,,
349,285,s,False,264,86,False,147,False,117,1,57,False,29,6,2.253906965,0.752715826,0.300814867,Azul,,,,,
206,286,n,1,157,50,False,78,1,79,False,22,False,28,2,2.554146051,1.053051949,0.601583004,Naranja,,,,,
27,287,n,1,16,12,False,3,1,13,False,2,False,10,2,2.653909922,1.153091192,2.807657957,Verde,,,,,
374,288,n,1,283,92,False,158,1,125,False,63,False,29,1,2.052611113,0.551501989,0.401726007,Purpura,,,,,
38,289,n,1,23,16,False,5,1,18,False,4,False,12,1,2.754923821,1.253731966,1.403176069,Naranja,,,,,
187,290,n,1,139,49,False,70,1,69,False,21,False,28,2,2.554488182,1.053307056,1.002325058,Verde,,,,,
74,291,n,1,53,22,False,19,1,34,False,6,False,16,1,2.454383135,0.953184128,1.303450108,Purpura,,,,,
238,292,n,1,181,58,False,93,1,88,False,30,False,28,1,2.653028011,1.151917934,0.501386166,Azul,,,,,
560,293,n,1,423,138,False,256,1,167,False,108,False,30,1,1.751378059,0.250305176,0.400920153,Verde,,,,,
252,294,n,1,191,62,False,101,1,90,False,34,False,28,1,2.154096842,0.653018951,0.701776981,Purpura,,,,,
168,295,n,1,123,46,False,63,1,60,False,18,False,28,1,2.65427804,1.153136015,0.802251816,Azul,,,,,
562,296,n,1,424,139,False,256,1,168,False,109,False,30,1,1.852044821,0.35155797,0.401196957,Naranja,,,,,
70,297,n,1,49,22,False,17,1,32,False,6,False,16,1,2.542098999,1.040901184,1.303356886,Purpura,,,,,
517,298,n,1,391,127,False,235,1,156,False,98,False,29,1,2.04757905,0.546501875,0.401490927,Azul,,,,,
19,299,n,1,11,9,False,1,1,10,False,0,False,9,1,2.352118015,0.851050138,2.706760883,Naranja,,,,,
69,300,n,1,48,22,False,17,1,31,False,6,False,16,1,2.742538929,1.241376877,1.603863955,Purpura,,,,,
346,301,n,1,263,84,False,146,1,117,False,55,False,29,1,1.940919876,0.439803839,1.00267911,Azul,,,,,
597,302,n,1,449,149,False,267,1,182,False,117,False,32,1,1.647035837,0.146518946,0.20072794,Naranja,,,,,
62,303,n,1,42,21,False,17,1,25,False,6,False,15,1,3.243767023,1.742580891,1.102813959,Purpura,,,,,
189,304,n,1,141,49,False,71,1,70,False,21,False,28,1,2.540933132,1.039875984,0.701726913,Azul,,,,,
396,305,n,1,301,96,False,171,1,130,False,67,False,29,2,2.751523972,1.250418901,0.300899982,Naranja,,,,,
89,306,n,1,64,26,False,27,1,37,False,6,False,20,1,3.051259995,1.550116777,1.303457975,Verde,,,,,
598,307,n,1,450,149,False,267,1,183,False,117,False,32,1,1.752001047,0.25084281,0.300723791,Azul,,,,,
271,308,n,1,203,69,False,109,1,94,False,41,False,28,2,2.448826075,0.94771409,0.601703882,Naranja,,,,,
161,309,n,1,117,45,False,61,1,56,False,18,False,27,1,2.854856014,1.353827953,0.501456022,Verde,,,,,
321,310,n,1,245,77,False,140,1,105,False,49,False,28,1,2.355732918,0.854638815,0.401565075,Purpura,,,,,
600,311,n,1,451,150,False,267,1,184,False,118,False,32,1,1.752942085,0.251811981,0.401227951,Naranja,,,,,
391,312,n,1,298,94,False,170,1,128,False,65,False,29,1,2.453469038,0.952377081,0.602023125,Verde,,,,,
98,313,n,1,72,27,False,31,1,41,False,7,False,20,1,2.152709007,0.65152216,0.90300703,Purpura,,,,,
283,314,n,1,214,70,False,118,1,96,False,42,False,28,1,1.651562929,0.150754929,0.501210928,Azul,,,,,
262,315,n,1,197,66,False,104,1,93,False,38,False,28,1,2.653956175,1.152832031,1.102876902,Verde,,,,,
444,316,n,1,338,107,False,197,1,141,False,78,False,29,1,1.852135897,0.350915909,0.401517868,Purpura,,,,,
574,317,n,1,433,142,False,259,1,174,False,112,False,30,1,2.052468061,0.551418066,0.401000977,Azul,,,,,
475,318,n,1,362,114,False,214,1,148,False,85,False,29,1,1.753014088,0.251917124,0.501780987,Naranja,,,,,
445,319,n,1,339,107,False,197,1,142,False,78,False,29,1,2.355062008,0.853935003,0.401230097,Purpura,,,,,
578,320,n,1,437,142,False,261,1,176,False,112,False,30,1,2.554311037,1.053165197,0.300887108,Azul,,,,,
624,321,s,1,468,157,1,280,False,188,False,125,False,32,6,1.647049189,0.145962,0.100389957,Naranja,,,,,
579,322,s,1,438,142,1,262,False,176,False,112,False,30,5,3.050648928,1.549464941,0.300885916,Verde,,,,,
573,323,s,1,432,142,1,259,False,173,False,112,False,30,5,2.248984098,0.747797012,0.300847769,Azul,,,,,
122,324,s,1,89,34,1,42,False,47,False,12,False,22,5,3.752275944,2.251136065,1.704213142,Naranja,,,,,
158,325,s,1,115,44,1,61,False,54,False,18,False,26,4,3.0542171,1.553599119,0.902245998,Verde,,,,,
282,326,s,1,213,70,1,118,False,95,False,42,False,28,4,2.549195051,1.048089027,0.501747131,Purpura,,,,,
550,327,s,1,415,136,1,255,False,160,False,106,False,30,5,2.047791958,0.546638966,0.401504993,Naranja,,,,,
35,328,n,False,21,15,False,5,False,16,False,4,1,11,2,3.251281977,1.750233889,1.604386091,Verde,,,,,
285,329,s,1,216,70,1,119,False,97,False,42,False,28,5,1.847455025,0.346317053,0.401079893,Purpura,,,,,
81,330,s,1,58,24,1,22,False,36,False,6,False,18,5,3.14942503,1.648292065,1.102406979,Azul,,,,,
486,331,s,1,370,117,1,221,False,149,False,88,False,29,5,2.0524261,0.551353931,0.30083704,Verde,,,,,
621,332,s,1,466,156,1,278,False,188,False,124,False,32,5,1.747355938,0.246140957,0.301481962,Purpura,,,,,
99,333,s,1,73,27,1,32,False,41,False,7,False,20,5,2.849374056,1.349153042,1.102993965,Azul,,,,,
109,334,n,False,78,32,False,36,False,42,False,10,1,22,2,2.448858023,0.947701931,1.203121901,Naranja,,,,,
404,335,s,1,308,97,1,176,False,132,False,68,False,29,5,2.248317957,0.747178793,0.602202177,Purpura,,,,,
10,336,n,False,5,6,False,1,False,4,False,0,1,6,1,2.549131155,1.048061132,4.310759068,Azul,,,,,
635,337,s,1,475,161,1,286,False,189,False,129,False,32,5,1.646934032,0.145787954,0.100422144,Naranja,,,,,
434,338,s,1,332,103,1,193,False,139,False,74,False,29,5,1.947780848,0.446656942,0.200676918,Verde,,,,,
273,339,s,1,205,69,1,111,False,94,False,41,False,28,5,1.847239971,0.346139908,0.501801968,Azul,,,,,
46,340,n,False,28,19,False,8,False,20,False,5,1,14,2,3.254313946,1.753863811,1.102718115,Naranja,,,,,
21,341,s,1,12,10,1,2,False,10,False,0,False,10,5,6.961401939,5.460825205,1.905402184,Verde,,,,,
156,342,n,False,113,44,False,60,False,53,False,18,1,26,3,2.749517918,1.248471022,0.802022219,Purpura,,,,,
370,343,s,1,279,92,1,156,False,123,False,63,False,29,5,2.952746153,1.452194214,0.401147842,Naranja,,,,,
140,344,s,1,101,40,1,51,False,50,False,16,False,24,4,3.050358057,1.549249887,1.00239706,Verde,,,,,
18,345,n,False,10,9,False,1,False,9,False,0,1,9,1,2.348657131,0.847557068,1.603919029,Purpura,,,,,
454,346,s,1,346,109,1,201,False,145,False,80,False,29,5,1.648027897,0.146924973,0.401674986,Azul,,,,,
165,347,s,1,120,46,1,62,False,58,False,18,False,28,5,3.252002954,1.750874043,0.601628065,Verde,,,,,
264,348,s,1,198,67,1,105,False,93,False,39,False,28,4,3.551414013,2.050348997,0.501451015,Purpura,,,,,
199,349,s,1,150,50,1,74,False,76,False,22,False,28,5,2.652719975,1.152205944,0.501308918,Azul,,,,,
146,350,s,1,107,40,1,56,False,51,False,16,False,24,5,2.552901983,1.052304983,0.50149107,Naranja,,,,,
179,351,s,1,132,48,1,68,False,64,False,20,False,28,5,2.852423906,1.351833105,0.601531029,Purpura,,,,,
247,352,s,1,186,62,1,97,False,89,False,34,False,28,4,2.55273509,1.052047014,0.501371145,Azul,,,,,
42,353,s,1,27,16,1,7,False,20,False,4,False,12,5,6.658753872,5.157716036,1.503682137,Naranja,,,,,
460,354,s,1,351,110,1,205,False,146,False,81,False,29,5,3.652035952,2.150949955,0.300850153,Verde,,,,,
457,355,s,1,349,109,1,203,False,146,False,80,False,29,6,1.647140026,0.145972013,0.200638056,Azul,,,,,
52,356,n,False,33,20,False,11,False,22,False,5,1,15,2,2.347520828,0.84641695,1.102928877,Naranja,,,,,
201,357,s,1,152,50,1,76,False,76,False,22,False,28,4,2.853261948,1.352634907,0.40100193,Verde,,,,,
458,358,s,1,350,109,1,204,False,146,False,80,False,29,6,1.650449991,0.149847984,0.100394011,Purpura,,,,,
237,359,s,1,180,58,1,93,False,87,False,30,False,28,4,3.153877974,1.653548956,1.203179836,Naranja,,,,,
354,360,s,1,267,88,1,150,False,117,False,59,False,29,6,1.647020102,0.145913124,0.200680971,Verde,,,,,
625,361,s,1,469,157,1,281,False,188,False,125,False,32,5,1.646663904,0.145439148,1.503667831,Purpura,,,,,
461,362,s,1,352,110,1,206,False,146,False,81,False,29,5,2.148234844,0.647068977,0.501926184,Azul,,,,,
177,363,s,1,130,48,1,67,False,63,False,20,False,28,5,3.252094984,1.750884056,0.501567841,Verde,,,,,
548,364,s,1,414,135,1,254,False,160,False,106,False,29,6,1.6477561,0.146625996,1.102759123,Purpura,,,,,
326,365,s,1,249,78,1,142,False,107,False,50,False,28,4,2.449259043,0.947957993,0.30073595,Azul,,,,,
581,366,n,False,438,144,False,262,False,176,False,113,1,31,2,2.448266029,0.947053909,0.401181221,Naranja,,,,,
628,367,s,1,471,158,1,282,False,189,False,126,False,32,5,1.647063017,0.145972013,0.200716972,Purpura,,,,,
519,368,s,1,392,128,1,236,False,156,False,99,False,29,5,1.648201942,0.147060156,0.802135944,Azul,,,,,
272,369,s,1,204,69,1,110,False,94,False,41,False,28,5,2.449187994,0.948010921,0.401122093,Naranja,,,,,
101,370,n,False,73,29,False,32,False,41,False,8,1,21,1,2.549136877,1.048003912,0.601483822,Verde,,,,,
114,371,s,1,83,32,1,39,False,44,False,10,False,22,5,4.15296793,2.651817083,0.70173502,Azul,,,,,
491,372,s,1,372,120,1,222,False,150,False,91,False,29,5,2.147904158,0.646718025,0.300706148,Naranja,,,,,
630,373,s,1,473,158,1,284,False,189,False,126,False,32,5,1.646885157,0.145684958,0.200710058,Verde,,,,,
249,374,s,1,188,62,1,99,False,89,False,34,False,28,5,3.250502825,1.749274969,0.501214981,Purpura,,,,,
629,375,s,1,472,158,1,283,False,189,False,126,False,32,5,1.647504807,0.14637208,0.20062995,Naranja,,,,,
455,376,s,1,347,109,1,202,False,145,False,80,False,29,6,2.348598003,0.847532034,0.300726175,Verde,,,,,
529,377,s,1,400,130,1,243,False,157,False,101,False,29,6,2.149221897,0.64814496,0.300807953,Purpura,,,,,
303,378,s,1,230,74,1,130,False,100,False,46,False,28,5,1.948137045,0.447024107,0.300799847,Azul,,,,,
452,379,s,1,344,109,1,199,False,145,False,80,False,29,5,1.847254992,0.346088886,0.401024103,Verde,,,,,
324,380,s,1,248,77,1,141,False,107,False,49,False,28,6,1.951332808,0.450743914,0.401046038,Purpura,,,,,
287,381,s,1,217,71,1,120,False,97,False,43,False,28,5,3.054265976,1.553616047,0.401030064,Azul,,,,,
507,382,s,1,383,125,1,229,False,154,False,96,False,29,5,1.947568893,0.446396112,0.300797939,Naranja,,,,,
311,383,s,1,237,75,1,134,False,103,False,47,False,28,5,2.251050949,0.749927998,0.50145793,Purpura,,,,,
236,384,s,1,179,58,1,92,False,87,False,30,False,28,4,2.749170065,1.248075962,0.401195049,Azul,,,,,
558,385,s,1,421,138,1,256,False,165,False,108,False,30,6,3.651532888,2.15046382,0.902250051,Naranja,,,,,
523,386,s,1,395,129,1,238,False,157,False,100,False,29,5,1.755782843,0.254639864,0.401135921,Verde,,,,,
585,387,n,False,440,146,False,262,False,178,False,114,1,32,2,2.55283308,1.052369118,0.300829887,Azul,,,,,
608,388,s,1,456,153,1,270,False,186,False,121,False,32,6,1.847543955,0.346391916,0.300820112,Naranja,,,,,
312,389,s,1,238,75,1,135,False,103,False,47,False,28,5,1.954274178,0.453041077,0.401258945,Verde,,,,,
188,390,s,1,140,49,1,71,False,69,False,21,False,28,6,3.154469967,1.653970003,2.60619092,Purpura,,,,,
577,391,s,1,436,142,1,261,False,175,False,112,False,30,5,2.238601923,0.737976074,0.300781965,Naranja,,,,,
424,392,s,1,322,103,1,186,False,136,False,74,False,29,5,1.747633934,0.247484922,0.300843,Verde,,,,,
375,393,s,1,284,92,1,159,False,125,False,63,False,29,5,2.349770069,0.848641872,0.300839901,Purpura,,,,,
468,394,s,1,357,112,1,210,False,147,False,83,False,29,6,1.646960974,0.14586091,0.200484037,Azul,,,,,
7,395,n,False,3,5,False,1,False,2,False,0,1,5,1,2.348490953,0.847265959,2.105316877,Verde,,,,,
469,396,s,1,358,112,1,211,False,147,False,83,False,29,6,1.847345829,0.346208096,0.401297092,Purpura,,,,,
320,397,s,1,244,77,1,140,False,104,False,49,False,28,5,2.448719978,0.947718859,0.200801134,Azul,,,,,
364,398,s,1,276,89,1,155,False,121,False,60,False,29,6,2.548927069,1.047759056,0.200716972,Naranja,,,,,
533,399,s,1,404,130,1,246,False,158,False,101,False,29,6,2.14836812,0.647195101,0.302668095,Purpura,,,,,
435,400,s,1,333,103,1,194,False,139,False,74,False,29,5,1.748812914,0.247611046,0.20067811,Azul,,,,,
234,401,s,1,177,58,1,91,False,86,False,30,False,28,5,2.649235964,1.148134947,0.401004076,Naranja,,,,,
123,402,n,False,89,35,False,42,False,47,False,12,1,23,2,2.850607157,1.349544048,1.102725983,Verde,,,,,
509,403,s,1,385,125,1,230,False,155,False,96,False,29,4,2.449998856,0.94885993,0.401070833,Azul,,,,,
331,404,n,False,253,79,False,143,False,110,False,50,1,29,2,2.349897861,0.848755836,0.401186943,Naranja,,,,,
59,405,s,1,39,21,1,17,False,22,False,6,False,15,5,2.749637127,1.248449087,3.208286047,Verde,,,,,
429,406,s,1,327,103,1,188,False,139,False,74,False,29,5,2.149418116,0.648328066,0.200593948,Purpura,,,,,
90,407,s,1,65,26,1,28,False,37,False,6,False,20,5,3.953420877,2.452275038,0.802067995,Naranja,,,,,
86,408,n,False,62,25,False,26,False,36,False,6,1,19,2,2.950067997,1.44896102,0.902334213,Verde,,,,,
506,409,s,1,382,125,1,228,False,154,False,96,False,29,5,1.948120832,0.446931839,0.300924063,Purpura,,,,,
363,410,s,1,275,89,1,154,False,121,False,60,False,29,5,3.051359892,1.550235987,0.300883055,Azul,,,,,
306,411,s,1,233,74,1,131,False,102,False,46,False,28,5,2.355435848,0.854859829,0.401263952,Verde,,,,,
536,412,s,1,406,131,1,248,False,158,False,102,False,29,6,1.850982904,0.350414991,0.300792933,Azul,,,,,
88,413,n,False,63,26,False,27,False,36,False,6,1,20,1,2.250139952,0.748956919,0.902311087,Naranja,,,,,
463,414,s,1,354,110,1,207,False,147,False,81,False,29,5,2.048919916,0.547731876,0.300971985,Purpura,,,,,
634,415,s,1,474,161,1,285,False,189,False,129,False,32,6,1.750728846,0.250336885,0.20133996,Azul,,,,,
532,416,s,1,403,130,1,245,False,158,False,101,False,29,5,2.452677965,0.951925039,0.300873995,Naranja,,,,,
4,417,n,False,1,4,False,1,False,0,False,0,1,4,1,2.555394888,1.054214001,1.704405069,Verde,,,,,
543,418,s,1,410,134,1,251,False,159,False,105,False,29,6,2.15191102,0.651279211,0.300801992,Azul,,,,,
30,419,s,1,18,13,1,4,False,14,False,3,False,10,5,2.75563693,1.254571915,1.202950001,Naranja,,,,,
211,420,s,1,159,53,1,79,False,80,False,25,False,28,6,2.552809954,1.052115202,0.401092052,Verde,,,,,
172,421,s,1,127,46,1,65,False,62,False,18,False,28,6,2.851033926,1.349927187,1.50394392,Purpura,,,,,
420,422,s,1,319,102,1,184,False,135,False,73,False,29,6,2.151025057,0.650636911,0.300899982,Verde,,,,,
152,423,s,1,112,41,1,59,False,53,False,17,False,24,6,2.953321934,1.452944994,1.403676033,Purpura,,,,,
250,424,s,1,189,62,1,100,False,89,False,34,False,28,5,3.551069975,2.049865007,0.602126837,Azul,,,,,
526,425,s,1,397,130,1,240,False,157,False,101,False,29,6,1.647258997,0.146067142,0.501266003,Verde,,,,,
342,426,s,1,260,83,1,146,False,114,False,54,False,29,5,2.549715042,1.048537016,0.300865173,Purpura,,,,,
102,427,s,1,74,29,1,33,False,41,False,8,False,21,5,2.352005959,0.851521015,1.303071022,Azul,,,,,
150,428,s,1,111,40,1,58,False,53,False,16,False,24,5,3.150522947,1.64943099,0.602138996,Naranja,,,,,
594,429,s,1,446,149,1,265,False,181,False,117,False,32,6,1.6469028,0.145714045,0.701910973,Purpura,,,,,
243,430,s,1,184,60,1,95,False,89,False,32,False,28,6,2.749351025,1.248274088,0.60176301,Azul,,,,,
288,431,s,1,218,71,1,121,False,97,False,43,False,28,5,2.448653936,0.947556973,0.300919056,Naranja,,,,,
351,432,s,1,266,86,1,149,False,117,False,57,False,29,6,1.948900938,0.447757959,0.401173115,Verde,,,,,
453,433,s,1,345,109,1,200,False,145,False,80,False,29,6,1.646796942,0.145714998,0.300911903,Azul,,,,,
347,434,s,1,264,84,1,147,False,117,False,55,False,29,5,2.549278021,1.048105955,0.300921202,Naranja,,,,,
112,435,s,1,81,32,1,37,False,44,False,10,False,22,6,2.650715828,1.149527788,1.60415411,Verde,,,,,
549,436,n,False,414,136,False,254,False,160,False,106,1,30,3,2.147868872,0.646739006,0.902172089,Purpura,,,,,
528,437,s,1,399,130,1,242,False,157,False,101,False,29,6,2.248394012,0.747325897,0.300966024,Naranja,,,,,
213,438,s,1,161,53,1,81,False,80,False,25,False,28,6,2.749777794,1.248627901,0.702291012,Verde,,,,,
499,439,s,1,376,124,1,226,False,150,False,95,False,29,6,1.947587013,0.446408033,0.401531935,Purpura,,,,,
258,440,s,1,195,64,1,104,False,91,False,36,False,28,6,2.550127983,1.048990965,0.501651049,Azul,,,,,
56,441,s,1,36,21,1,14,False,22,False,6,False,15,6,2.147758007,0.646723032,1.704171896,Verde,,,,,
601,442,s,1,452,150,1,268,False,184,False,118,False,32,6,1.948220968,0.447031975,0.401734114,Purpura,,,,,
54,443,s,1,35,20,1,13,False,22,False,5,False,15,6,2.347290039,0.846168995,1.203081846,Azul,,,,,
0,444,n,False,0,1,False,0,False,0,False,0,1,1,1,2.341436148,0.840312958,3.409162998,Naranja,,,,,
327,445,s,1,250,78,1,143,False,107,False,50,False,28,6,1.94770503,0.446640968,0.200690031,Purpura,,,,,
279,446,s,1,210,70,1,115,False,95,False,42,False,28,5,2.553103924,1.052601814,0.501716137,Azul,,,,,
121,447,s,1,88,34,1,41,False,47,False,12,False,22,5,4.152054071,2.650976896,0.902356148,Naranja,,,,,
570,448,s,1,429,142,1,258,False,171,False,112,False,30,6,2.452795029,0.952316046,0.601504087,Verde,,,,,
103,449,s,1,75,29,1,34,False,41,False,8,False,21,6,2.750782967,1.249651909,1.403476,Azul,,,,,
266,450,s,1,199,68,1,106,False,93,False,40,False,28,6,1.851028919,0.350400925,0.501374006,Naranja,,,,,
395,451,s,1,300,96,1,171,False,129,False,67,False,29,6,1.645929813,0.144814014,0.701922894,Verde,,,,,
127,452,s,1,93,35,1,46,False,47,False,12,False,23,6,2.549773216,1.048640966,0.701925993,Purpura,,,,,
248,453,s,1,187,62,1,98,False,89,False,34,False,28,5,2.449136972,0.948037863,2.507053852,Naranja,,,,,
433,454,s,1,331,103,1,192,False,139,False,74,False,29,6,1.647457838,0.146289825,0.200726032,Verde,,,,,
492,455,s,1,373,120,1,223,False,150,False,91,False,29,6,1.947682858,0.447252989,0.301043034,Azul,,,,,
450,456,s,1,342,109,1,198,False,144,False,80,False,29,6,1.646949053,0.145899057,0.300856829,Purpura,,,,,
373,457,s,1,282,92,1,158,False,124,False,63,False,29,6,2.248377085,0.747279167,0.200690985,Verde,,,,,
357,458,s,1,269,89,1,151,False,118,False,60,False,29,6,2.247923851,0.747279167,0.300699949,Purpura,,,,,
612,459,s,1,460,153,1,273,False,187,False,121,False,32,6,1.64701581,0.146622181,1.20439887,Azul,,,,,
301,460,s,1,228,74,1,128,False,100,False,46,False,28,6,1.646860123,0.145694971,0.301020145,Naranja,,,,,
24,461,s,1,13,12,1,3,False,10,False,2,False,10,6,2.248304844,0.747156858,1.804915905,Purpura,,,,,
83,462,s,1,60,24,1,24,False,36,False,6,False,18,6,2.442965031,0.941885948,1.704550028,Azul,,,,,
339,463,s,1,258,82,1,145,False,113,False,53,False,29,6,2.44964695,0.948601007,0.401002884,Naranja,,,,,
466,464,s,1,356,111,1,209,False,147,False,82,False,29,6,1.651704073,0.151404142,0.702050924,Verde,,,,,
166,465,s,1,121,46,1,63,False,58,False,18,False,28,6,2.650454044,1.149310112,0.501451015,Azul,,,,,
124,466,s,1,90,35,1,43,False,47,False,12,False,23,6,2.951402187,1.450313091,1.102905989,Naranja,,,,,
133,467,s,1,97,37,1,49,False,48,False,14,False,23,6,2.451702833,0.951371908,0.501284838,Verde,,,,,
371,468,s,1,280,92,1,157,False,123,False,63,False,29,6,2.549075127,1.04787302,0.200675011,Purpura,,,,,
423,469,s,1,321,103,1,185,False,136,False,74,False,29,6,1.747452974,0.246293068,0.30092907,Naranja,,,,,
430,470,s,1,328,103,1,189,False,139,False,74,False,29,6,1.646945953,0.145874977,0.10188818,Verde,,,,,
48,471,s,1,30,19,1,9,False,21,False,5,False,14,6,3.351325035,1.850235939,1.404789925,Purpura,,,,,
174,472,s,1,129,46,1,66,False,63,False,18,False,28,6,2.649304867,1.148193836,1.203183174,Azul,,,,,
295,473,s,1,223,73,1,125,False,98,False,45,False,28,6,1.84740901,0.346305132,0.301049948,Verde,,,,,
126,474,s,1,92,35,1,45,False,47,False,12,False,23,6,2.650269032,1.149070024,1.30334115,Purpura,,,,,
510,475,s,1,386,125,1,231,False,155,False,96,False,29,6,1.847618103,0.346487045,0.401201963,Azul,,,,,
255,476,s,1,193,63,1,102,False,91,False,35,False,28,6,2.550216913,1.049166918,0.902858973,Naranja,,,,,
318,477,s,1,242,77,1,138,False,104,False,49,False,28,6,1.847279072,0.346187115,0.401033878,Purpura,,,,,
73,478,s,1,52,22,1,19,False,33,False,6,False,16,5,3.150405884,1.649344921,1.002750874,Azul,,,,,
51,479,s,1,33,19,1,11,False,22,False,5,False,14,6,2.348637104,0.847573996,1.504156113,Naranja,,,,,
399,480,s,1,303,97,1,173,False,130,False,68,False,29,6,1.650599957,0.149961948,0.10043788,Verde,,,,,
421,481,s,False,319,103,False,184,False,135,1,74,False,29,6,2.853340149,1.352904081,0.300900936,Azul,,,,,
256,482,s,False,193,64,False,102,False,91,1,36,False,28,6,1.847461939,0.346349955,0.802282095,Naranja,,,,,
496,483,s,False,375,122,False,225,False,150,1,93,False,29,6,2.05211091,0.551484108,0.300836086,Verde,,,,,
309,484,s,False,235,75,False,133,False,102,1,47,False,28,6,1.847645998,0.346379995,0.401915073,Purpura,,,,,
26,485,n,1,15,12,False,3,1,12,False,2,False,10,1,3.050826788,1.54990983,2.105256081,Naranja,,,,,
359,486,n,1,271,89,False,152,1,119,False,60,False,29,2,3.252283812,1.75113678,0.501379967,Verde,,,,,
613,487,s,False,460,154,False,273,False,187,1,122,False,32,4,1.747491837,0.246974945,0.300833941,Purpura,,,,,
96,488,n,1,71,26,False,31,1,40,False,6,False,20,1,2.249167919,0.747977018,0.70262599,Azul,,,,,
636,489,s,False,475,162,False,286,False,189,1,130,False,32,5,2.047801971,0.546731949,0.301011086,Verde,,,,,
459,490,s,False,350,110,False,204,False,146,1,81,False,29,6,1.647197962,0.146057844,1.303252935,Purpura,,,,,
132,491,s,False,96,37,False,48,False,48,1,14,False,23,6,2.953532219,1.452779055,1.704781055,Azul,,,,,
591,492,s,False,444,148,False,264,False,180,1,116,False,32,6,1.748368025,0.247252941,0.300875187,Naranja,,,,,
241,493,s,False,182,60,False,94,False,88,1,32,False,28,4,2.549081087,1.047968864,0.40121913,Purpura,,,,,
242,494,n,1,183,60,False,94,1,89,False,32,False,28,2,3.050708056,1.549622059,0.601501942,Azul,,,,,
183,495,n,1,136,48,False,68,1,68,False,20,False,28,3,3.953681946,2.452515125,1.103180885,Naranja,,,,,
619,496,n,1,464,156,False,276,1,188,False,124,False,32,1,2.549049139,1.047908068,0.401066065,Verde,,,,,
394,497,s,False,299,96,False,170,False,129,1,67,False,29,5,2.149239063,0.648153067,0.401659012,Azul,,,,,
441,498,s,False,336,106,False,197,False,139,1,77,False,29,6,2.649204016,1.148033857,0.200676918,Naranja,,,,,
39,499,n,1,24,16,False,5,1,19,False,4,False,12,2,2.851059914,1.349893808,1.403802156,Verde,,,,,
104,500,s,False,75,30,False,34,False,41,1,9,False,21,5,2.248373985,0.747226,1.203536987,Purpura,,,,,
607,501,s,False,455,153,False,269,False,186,1,121,False,32,5,1.852129936,0.351023912,0.301326036,Naranja,,,,,
566,502,n,1,428,139,False,257,1,171,False,109,False,30,1,1.947664976,0.446506977,0.401701927,Verde,,,,,
223,503,n,1,169,55,False,86,1,83,False,27,False,28,3,2.949232101,1.448788881,0.701834917,Purpura,,,,,
389,504,n,1,296,94,False,169,1,127,False,65,False,29,2,2.549247026,1.048717976,0.50129509,Azul,,,,,
292,505,s,False,221,72,False,123,False,98,1,44,False,28,6,2.649420977,1.148364067,0.601834059,Verde,,,,,
313,506,s,False,238,76,False,135,False,103,1,48,False,28,6,1.948529959,0.448355198,0.401893139,Purpura,,,,,
545,507,s,False,411,135,False,252,False,159,1,106,False,29,5,1.650561094,0.150050879,0.300750971,Azul,,,,,
61,508,n,1,41,21,False,17,1,24,False,6,False,15,2,3.25058794,1.749424934,0.701907873,Naranja,,,,,
15,509,n,1,8,8,False,1,1,7,False,0,False,8,1,3.551663876,2.050503969,2.005222082,Purpura,,,,,
325,510,s,False,248,78,False,141,False,107,1,50,False,28,4,3.955628872,2.455039978,0.300939083,Azul,,,,,
221,511,s,False,167,55,False,86,False,81,1,27,False,28,4,2.449146032,0.948005915,0.50137496,Naranja,,,,,
482,512,n,1,366,117,False,217,1,149,False,88,False,29,1,2.653392076,1.152294159,0.601518869,Verde,,,,,
265,513,s,False,198,68,False,105,False,93,1,40,False,28,6,2.448486805,0.947429895,0.401158094,Azul,,,,,
599,514,s,False,450,150,False,267,False,183,1,118,False,32,5,2.151743889,0.651329994,0.301275969,Naranja,,,,,
603,515,s,False,452,152,False,268,False,184,1,120,False,32,6,2.553098917,1.052522182,0.301421165,Verde,,,,,
268,516,s,False,200,69,False,107,False,93,1,41,False,28,6,1.650654793,0.149993181,0.802112103,Purpura,,,,,
6,517,n,1,3,4,False,1,1,2,False,0,False,4,1,2.448831081,0.947764158,3.308340788,Naranja,,,,,
9,518,n,1,5,5,False,1,1,4,False,0,False,5,1,2.047516108,0.546361923,1.403829098,Verde,,,,,
169,519,n,1,124,46,False,63,1,61,False,18,False,28,1,2.552603006,1.051949024,0.50129199,Purpura,,,,,
78,520,n,1,55,24,False,19,1,36,False,6,False,18,1,2.350286961,0.849215031,1.103070974,Azul,,,,,
449,521,s,False,341,109,False,197,False,144,1,80,False,29,6,2.14882803,0.647949934,0.200553179,Verde,,,,,
260,522,s,False,195,66,False,104,False,91,1,38,False,28,5,2.148889065,0.64773488,0.601446152,Purpura,,,,,
227,523,s,False,171,57,False,87,False,84,1,29,False,28,6,2.549411058,1.048295975,0.501979828,Azul,,,,,
333,524,s,False,253,81,False,143,False,110,1,52,False,29,6,2.049039125,0.547966957,0.401266813,Naranja,,,,,
565,525,n,1,427,139,False,257,1,170,False,109,False,30,1,2.047981024,0.546760082,0.40113616,Purpura,,,,,
261,526,n,1,196,66,False,104,1,92,False,38,False,28,2,2.750821829,1.249675989,0.501689196,Azul,,,,,
609,527,n,1,457,153,False,270,1,187,False,121,False,32,1,1.652384043,0.151320934,0.300946951,Naranja,,,,,
304,528,n,1,231,74,False,130,1,101,False,46,False,28,2,2.047858,0.547369003,0.501608133,Verde,,,,,
294,529,s,False,222,73,False,124,False,98,1,45,False,28,5,2.348860979,0.847775936,0.400949001,Azul,,,,,
464,530,s,False,354,111,False,207,False,147,1,82,False,29,6,1.946568012,0.445496082,0.401443005,Naranja,,,,,
556,531,s,False,419,138,False,255,False,164,1,108,False,30,5,2.552922964,1.051723957,0.401529074,Verde,,,,,
64,532,n,1,44,21,False,17,1,27,False,6,False,15,1,2.249698162,0.748612165,1.002655029,Purpura,,,,,
170,533,n,1,125,46,False,63,1,62,False,18,False,28,2,2.549980879,1.048817873,1.002663136,Naranja,,,,,
553,534,n,1,418,136,False,255,1,163,False,106,False,30,1,4.359655142,2.858464003,0.501410007,Verde,,,,,
195,535,n,1,147,49,False,72,1,75,False,21,False,28,1,2.450022936,0.948832989,0.601670027,Purpura,,,,,
229,536,n,1,173,57,False,87,1,86,False,29,False,28,1,2.649710894,1.148602962,0.40117979,Azul,,,,,
534,537,s,False,404,131,False,246,False,158,1,102,False,29,6,1.646857023,0.145741224,0.701816082,Verde,,,,,
225,538,s,False,170,56,False,86,False,84,1,28,False,28,6,2.449901819,0.949645996,0.501469135,Purpura,,,,,
471,539,s,False,359,113,False,212,False,147,1,84,False,29,6,1.647454023,0.146405935,1.704095125,Azul,,,,,
568,540,s,False,428,141,False,257,False,171,1,111,False,30,5,2.051259041,0.55091095,0.300945044,Naranja,,,,,
149,541,n,1,110,40,False,57,1,53,False,16,False,24,1,2.549326897,1.048105001,0.601660967,Purpura,,,,,
95,542,n,1,70,26,False,31,1,39,False,6,False,20,1,2.450139046,0.948959827,0.802316904,Azul,,,,,
328,543,n,1,251,78,False,143,1,108,False,50,False,28,2,2.850600004,1.349546909,0.701673985,Naranja,,,,,
120,544,n,1,87,34,False,40,1,47,False,12,False,22,1,2.849982023,1.348800898,1.102924109,Verde,,,,,
504,545,s,False,380,125,False,226,False,154,1,96,False,29,6,2.249547958,0.748514891,0.30095911,Azul,,,,,
23,546,s,False,12,12,False,2,False,10,1,2,False,10,6,2.85060215,1.34948802,1.905624866,Naranja,,,,,
478,547,s,False,364,115,False,216,False,148,1,86,False,29,6,1.950575829,0.450082064,0.902899027,Verde,,,,,
494,548,s,False,374,121,False,224,False,150,1,92,False,29,6,1.951095819,0.45071888,0.401576996,Purpura,,,,,
66,549,n,1,45,22,False,17,1,28,False,6,False,16,2,2.449414968,0.948254824,1.604650021,Naranja,,,,,
403,550,n,1,307,97,False,175,1,132,False,68,False,29,1,2.547672033,1.046425819,0.300952911,Verde,,,,,
11,551,n,1,6,6,False,1,1,5,False,0,False,6,1,2.248574972,0.747521877,2.004873991,Purpura,,,,,
316,552,n,1,240,77,False,136,1,104,False,49,False,28,2,2.247836113,0.746598959,0.802158117,Azul,,,,,
520,553,s,False,392,129,False,236,False,156,1,100,False,29,6,2.148191929,0.647121906,0.401098013,Verde,,,,,
176,554,s,False,129,48,False,66,False,63,1,20,False,28,6,2.749047995,1.247886896,0.802072048,Purpura,,,,,
345,555,s,False,262,84,False,146,False,116,1,55,False,29,6,2.347845078,0.846659899,0.401146889,Azul,,,,,
155,556,s,False,113,43,False,60,False,53,1,18,False,25,6,2.65002799,1.148957968,1.002568007,Naranja,,,,,
418,557,n,1,318,101,False,183,1,135,False,72,False,29,1,3.050667048,1.549494982,0.401217937,Purpura,,,,,
16,558,n,1,9,8,False,1,1,8,False,0,False,8,1,3.350974083,1.849797964,1.603809118,Azul,,,,,
275,559,n,1,207,69,False,112,1,95,False,41,False,28,1,1.747234106,0.246084929,0.701770067,Naranja,,,,,
547,560,n,1,413,135,False,253,1,160,False,106,False,29,1,1.747058153,0.245910168,0.502017021,Verde,,,,,
489,561,s,False,371,119,False,221,False,150,1,90,False,29,6,2.049664021,0.548498154,0.401118994,Azul,,,,,
554,562,s,False,418,137,False,255,False,163,1,107,False,30,6,2.448692083,0.94749999,0.401686907,Naranja,,,,,
44,563,s,False,28,17,False,8,False,20,1,5,False,12,6,2.348078966,0.846952915,1.303503037,Verde,,,,,
28,564,s,False,16,13,False,3,False,13,1,3,False,10,6,2.347433805,0.846347094,2.907572985,Purpura,,,,,
508,565,n,1,384,125,False,229,1,155,False,96,False,29,1,3.05091095,1.549808025,0.60176301,Naranja,,,,,
108,566,n,1,78,31,False,36,1,42,False,10,False,21,1,2.352637053,0.851834059,1.303227901,Verde,,,,,
586,567,n,1,441,146,False,262,1,179,False,114,False,32,1,1.747441053,0.246369123,0.40110302,Purpura,,,,,
315,568,s,False,239,77,False,136,False,103,1,49,False,28,5,2.643049002,1.141937017,0.501346827,Azul,,,,,
481,569,s,False,365,117,False,217,False,148,1,88,False,29,6,1.750690937,0.250314951,0.401558876,Verde,,,,,
355,570,s,False,267,89,False,150,False,117,1,60,False,29,6,2.351274014,0.850762129,0.300791979,Purpura,,,,,
512,571,s,False,386,127,False,231,False,155,1,98,False,29,6,1.948692083,0.447489023,0.401553869,Azul,,,,,
263,572,s,False,197,67,False,104,False,93,1,39,False,28,6,2.148527861,0.647385836,1.40384078,Naranja,,,,,
284,573,n,1,215,70,False,118,1,97,False,42,False,28,1,1.650614023,0.149959087,0.401173115,Purpura,,,,,
559,574,n,1,422,138,False,256,1,166,False,108,False,30,2,2.251780987,0.751250029,0.501826048,Azul,,,,,
254,575,n,1,192,63,False,101,1,91,False,35,False,28,2,2.649476051,1.148284912,4.410662889,Naranja,,,,,
451,576,n,1,343,109,False,198,1,145,False,80,False,29,1,1.648452997,0.148023129,0.501699924,Verde,,,,,
567,577,s,False,428,140,False,257,False,171,1,110,False,30,5,2.652554035,1.152176142,0.301414013,Azul,,,,,
148,578,n,1,109,40,False,57,1,52,False,16,False,24,3,3.655550003,2.155011177,1.102901936,Naranja,,,,,
286,579,s,False,216,71,False,119,False,97,1,43,False,28,6,1.648572922,0.147387981,0.40119791,Verde,,,,,
633,580,s,False,473,161,False,284,False,189,1,129,False,32,5,1.851639032,0.350952864,0.200577974,Purpura,,,,,
157,581,n,1,114,44,False,60,1,54,False,18,False,26,1,3.050308943,1.549226999,0.902407885,Naranja,,,,,
406,582,n,1,309,98,False,176,1,133,False,69,False,29,1,1.651291847,0.150460005,0.401018143,Verde,,,,,
369,583,n,1,278,92,False,155,1,123,False,63,False,29,1,1.948764086,0.447648048,0.401209116,Purpura,,,,,
291,584,n,1,221,71,False,123,1,98,False,43,False,28,1,2.25197196,0.751671076,0.401031971,Azul,,,,,
332,585,s,False,253,80,False,143,False,110,1,51,False,29,6,1.947689056,0.446554899,0.401561975,Verde,,,,,
588,586,n,1,443,146,False,263,1,180,False,114,False,32,3,2.152918816,0.651835918,0.401168823,Purpura,,,,,
446,587,s,False,339,108,False,197,False,142,1,79,False,29,6,1.751765013,0.25067091,0.40159297,Azul,,,,,
97,588,s,False,71,27,False,31,False,40,1,7,False,20,6,1.947692156,0.446641922,1.704765081,Naranja,,,,,
32,589,n,1,20,13,False,4,1,16,False,3,False,10,1,2.349505901,0.848370075,1.504322052,Purpura,,,,,
387,590,n,1,294,94,False,168,1,126,False,65,False,29,1,1.847302198,0.346228123,0.401695013,Azul,,,,,
300,591,n,1,227,74,False,127,1,100,False,46,False,28,1,2.248430014,0.747262001,0.401199102,Naranja,,,,,
141,592,n,1,102,40,False,51,1,51,False,16,False,24,1,2.653185129,1.152536154,0.9022789,Verde,,,,,
119,593,s,False,86,34,False,40,False,46,1,12,False,22,6,2.549129009,1.047996044,1.804620981,Azul,,,,,
616,594,s,False,461,156,False,274,False,187,1,124,False,32,6,1.748006821,0.247016907,1.002786875,Naranja,,,,,
518,595,s,False,391,128,False,235,False,156,1,99,False,29,6,2.248345137,0.747204065,0.300753117,Verde,,,,,
50,596,n,1,32,19,False,10,1,22,False,5,False,14,2,2.84938693,1.348207951,1.203594923,Purpura,,,,,
203,597,n,1,154,50,False,77,1,77,False,22,False,28,1,2.754796982,1.253612041,0.501755953,Naranja,,,,,
462,598,n,1,353,110,False,206,1,147,False,81,False,29,1,1.847550154,0.346467018,0.802309036,Verde,,,,,
60,599,n,1,40,21,False,17,1,23,False,6,False,15,2,2.749138117,1.248018026,1.40365696,Purpura,,,,,
25,600,n,1,14,12,False,3,1,11,False,2,False,10,1,2.349639177,0.848562956,1.603972912,Azul,,,,,
524,601,s,False,395,130,False,238,False,157,1,101,False,29,6,1.847441912,0.347116947,0.300933123,Verde,,,,,
552,602,n,1,417,136,False,255,1,162,False,106,False,30,3,2.649693012,1.1485672,0.501963139,Purpura,,,,,
185,603,s,False,137,49,False,69,False,68,1,21,False,28,6,2.64882493,1.14764595,0.601545095,Azul,,,,,
366,604,s,False,276,91,False,155,False,121,1,62,False,29,6,1.847360134,0.346173048,0.300783873,Naranja,,,,,
5,605,n,1,2,4,False,1,1,1,False,0,False,4,1,2.247503042,0.746341944,1.804641962,Purpura,,,,,
296,606,n,1,224,73,False,125,1,99,False,45,False,28,1,1.84739399,0.346252918,0.401327133,Azul,,,,,
63,607,n,1,43,21,False,17,1,26,False,6,False,15,1,2.048423052,0.547194958,1.303352833,Naranja,,,,,
191,608,n,1,143,49,False,71,1,72,False,21,False,28,1,2.348517179,0.847413063,0.60216713,Verde,,,,,
604,609,n,1,453,152,False,268,1,185,False,120,False,32,2,3.952615023,2.45144105,0.601612091,Azul,,,,,
222,610,n,1,168,55,False,86,1,82,False,27,False,28,1,2.549784184,1.048516035,0.50120616,Naranja,,,,,
322,611,n,1,246,77,False,140,1,106,False,49,False,28,2,2.450234175,0.949184179,0.401720047,Verde,,,,,
305,612,n,1,232,74,False,130,1,102,False,46,False,28,2,2.051249027,0.551087856,0.401034117,Purpura,,,,,
503,613,n,1,380,124,False,226,1,154,False,95,False,29,1,2.147286892,0.646097898,0.401087046,Naranja,,,,,
638,614,n,1,477,162,False,287,1,190,False,130,False,32,1,1.65051198,0.149931908,0.401083946,Verde,,,,,
343,615,n,1,261,83,False,146,1,115,False,54,False,29,1,1.947336912,0.446278811,1.102692842,Purpura,,,,,
204,616,n,1,155,50,False,77,1,78,False,22,False,28,1,2.550333977,1.049268007,0.501410961,Azul,,,,,
22,617,s,False,12,11,False,2,False,10,1,1,False,10,6,8.964641809,7.463538885,1.904818058,Verde,,,,,
563,618,n,1,425,139,False,256,1,169,False,109,False,30,3,2.048323154,0.54727602,0.501446962,Purpura,,,,,
501,619,n,1,378,124,False,226,1,152,False,95,False,29,1,2.349649906,0.848547935,0.40092802,Azul,,,,,
180,620,n,1,133,48,False,68,1,65,False,20,False,28,2,2.749611855,1.248425961,0.902138948,Naranja,,,,,
447,621,n,1,340,108,False,197,1,143,False,79,False,29,1,1.748385906,0.247189999,0.401077986,Purpura,,,,,
196,622,n,1,148,49,False,72,1,76,False,21,False,28,1,2.650516987,1.15009284,0.501363993,Azul,,,,,
571,623,n,1,430,142,False,258,1,172,False,112,False,30,1,2.348630905,0.848108053,0.300825119,Naranja,,,,,
627,624,n,1,470,158,False,281,1,189,False,126,False,32,1,1.748349905,0.247168064,0.401623964,Verde,,,,,
228,625,n,1,172,57,False,87,1,85,False,29,False,28,2,3.050199032,1.54904604,1.102761984,Azul,,,,,
530,626,n,1,401,130,False,243,1,158,False,101,False,29,2,2.247931004,0.746758938,0.501339912,Naranja,,,,,
393,627,n,1,299,95,False,170,1,129,False,66,False,29,1,2.247977018,0.746931076,0.501504898,Verde,,,,,
572,628,n,1,431,142,False,258,1,173,False,112,False,30,1,2.550038099,1.0488801,0.602284193,Purpura,,,,,
456,629,n,1,348,109,False,202,1,146,False,80,False,29,1,1.747400999,0.246228933,0.401199818,Naranja,,,,,
372,630,n,1,281,92,False,157,1,124,False,63,False,29,1,2.550421,1.049319983,0.501371145,Verde,,,,,
426,631,n,1,324,103,False,186,1,138,False,74,False,29,1,1.647127151,0.14595294,0.401814938,Purpura,,,,,
487,632,n,1,371,117,False,221,1,150,False,88,False,29,1,2.049028873,0.547900915,0.401390076,Azul,,,,,
17,633,n,1,10,8,False,1,1,9,False,0,False,8,2,3.952731848,2.451673985,1.704385996,Verde,,,,,
593,634,n,1,445,149,False,264,1,181,False,117,False,32,1,1.750887871,0.250212908,0.401046038,Purpura,,,,,
162,635,n,1,118,45,False,61,1,57,False,18,False,27,2,4.052182198,2.551096201,2.005086899,Naranja,,,,,
377,636,s,False,285,93,False,160,False,125,1,64,False,29,5,2.453055143,0.952902079,0.401157141,Azul,,,,,
167,637,n,1,122,46,False,63,1,59,False,18,False,28,1,2.151645899,0.651235819,1.102754831,Purpura,,,,,
522,638,n,1,394,129,False,237,1,157,False,100,False,29,1,1.937507868,0.43727684,0.401096106,Verde,,,,,
13,639,n,1,7,7,False,1,1,6,False,0,False,7,1,2.248276949,0.747173071,1.503696918,Naranja,,,,,
323,640,n,1,247,77,False,140,1,107,False,49,False,28,1,2.048265219,0.547147036,0.401056767,Verde,,,,,
2648.374955,,,,,,,,,,,,,,,,,,,,,,,
