Ensayo, Estimulo, Respuesta, Correcto, Aciertos, Errores, Hits, ContadorH, Rechazos, ContadorR, Falsas alarmas, ContadorF, Omisiones, ContadorM, Confidence, RTime1, RTime1b, RTime2, Color, 
0,297,n,True,1,0,False,0,True,1,False,0,False,0,1,3.75682711601,2.25566315651,2.00474905968,Purpura
1,424,s,True,2,0,True,1,False,1,False,0,False,0,5,2.9511320591,1.44999814034,1.10263180733,Azul
2,168,n,True,3,0,False,1,True,2,False,0,False,0,1,2.75317001343,1.25287294388,3.20838689804,Naranja
3,489,s,False,3,1,False,1,False,2,True,1,False,0,5,4.95507693291,3.45391392708,4.21059703827,Verde
4,570,s,False,3,2,False,1,False,2,True,2,False,0,6,3.55201506615,2.05090999603,1.00298690796,Purpura
5,35,n,False,3,3,False,1,False,2,False,2,True,1,1,2.95629286766,1.45508599281,2.20520687103,Purpura
6,47,n,False,3,4,False,1,False,2,False,2,True,2,2,5.04831504822,3.54721188545,1.40334606171,Verde
7,589,n,True,4,4,False,1,True,3,False,2,False,2,1,2.84964084625,1.34847998619,0.802102088928,Purpura
8,32,s,True,5,4,True,2,False,3,False,2,False,2,5,3.55742502213,2.0568459034,1.80465292931,Purpura
9,556,s,False,5,5,False,2,False,3,True,3,False,2,6,2.74971795082,1.24856495857,0.902429103851,Naranja
10,112,n,False,5,6,False,2,False,3,False,3,True,3,1,2.54935193062,1.0482840538,2.8072271347,Purpura
11,265,n,True,6,6,False,2,True,4,False,3,False,3,1,2.34158396721,0.840763092041,1.4036488533,Purpura
12,46,n,False,6,7,False,2,False,4,False,3,True,4,2,2.5412979126,1.04108500481,1.60406398773,Naranja
13,519,n,True,7,7,False,2,True,5,False,3,False,4,1,2.55034518242,1.04922914505,0.902384996414,Purpura
14,99,s,True,8,7,True,3,False,5,False,3,False,4,6,2.85405397415,1.35284399986,1.20313310623,Purpura
15,317,n,True,9,7,False,3,True,6,False,3,False,4,1,2.45208907127,0.951000928879,1.00226402283,Azul
16,368,n,False,9,8,False,3,False,6,False,3,True,5,3,3.85597300529,2.35535478592,0.902656078339,Azul
17,208,n,True,10,8,False,3,True,7,False,3,False,5,1,2.34845781326,0.848109006882,0.702101945877,Purpura
18,494,n,True,11,8,False,3,True,8,False,3,False,5,2,2.64907002449,1.14794993401,1.203166008,Azul
19,539,s,False,11,9,False,3,False,8,True,4,False,5,6,2.54969906807,1.04849505424,0.601551055908,Azul
20,617,n,True,12,9,False,3,True,9,False,4,False,5,1,2.34907889366,0.847875833511,1.80444192886,Verde
21,23,s,True,13,9,True,4,False,9,False,4,False,5,5,2.74281382561,1.24164199829,0.601659059525,Azul
22,388,n,False,13,10,False,4,False,9,False,4,True,6,3,2.95039892197,1.44928884506,0.701840877533,Naranja
23,27,s,True,14,10,True,5,False,9,False,4,False,6,6,2.55477690697,1.05381011963,1.30341696739,Naranja
24,204,s,False,14,11,False,5,False,9,True,5,False,6,6,2.44080996513,0.939643859863,0.601845979691,Verde
25,44,n,False,14,12,False,5,False,9,False,5,True,7,2,2.342015028,0.840836048126,0.802053928375,Verde
26,377,n,False,14,13,False,5,False,9,False,5,True,8,2,2.95316815376,1.45284795761,0.602188825607,Purpura
27,523,s,False,14,14,False,5,False,9,True,6,False,8,6,2.24866986275,0.74750494957,0.601668834686,Azul
28,631,n,True,15,14,False,5,True,10,False,6,False,8,1,1.94860696793,0.447468042374,2.10520601273,Purpura
29,369,s,True,16,14,True,6,False,10,False,6,False,8,5,2.75089502335,1.2497689724,0.601614952087,Naranja
30,531,s,False,16,15,False,6,False,10,True,7,False,8,6,2.54969096184,1.049243927,0.501415967941,Verde
31,637,n,True,17,15,False,6,True,11,False,7,False,8,1,2.34926104546,0.848134040833,0.802266120911,Purpura
32,414,n,False,17,16,False,6,False,11,False,7,True,9,1,2.25077986717,0.750266075134,1.30336809158,Purpura
33,225,n,True,18,16,False,6,True,12,False,7,False,9,2,2.45312094688,0.95198392868,1.00249886513,Naranja
34,435,s,True,19,16,True,7,False,12,False,7,False,9,6,2.54942107201,1.04825901985,0.902369976044,Verde
35,332,s,True,20,16,True,8,False,12,False,7,False,9,5,2.64957499504,1.14848518372,0.401118040085,Purpura
36,318,n,True,21,16,False,8,True,13,False,7,False,9,1,2.35388708115,0.852858066559,0.401013851166,Naranja
37,563,s,False,21,17,False,8,False,13,True,8,False,9,5,2.7506480217,1.24960017204,0.501352071762,Verde
38,461,s,True,22,17,True,9,False,13,False,8,False,9,6,5.056194067,3.55501294136,0.401252031326,Purpura
39,234,s,False,22,18,False,9,False,13,True,9,False,9,5,2.64925384521,1.14817976952,0.401156187057,Azul
40,345,s,True,23,18,True,10,False,13,False,9,False,9,5,2.44900202751,0.948688030243,0.401183843613,Purpura
41,324,s,True,24,18,True,11,False,13,False,9,False,9,5,2.7502720356,1.24915218353,0.401053905487,Naranja
42,293,n,True,25,18,False,11,True,14,False,9,False,9,1,2.15253305435,0.651477098465,0.501263141632,Verde
43,464,s,True,26,18,True,12,False,14,False,9,False,9,6,2.54794812202,1.04744386673,0.401077032089,Verde
44,264,n,True,27,18,False,12,True,15,False,9,False,9,1,2.25306582451,0.751915931702,0.501525163651,Naranja
45,561,s,False,27,19,False,12,False,15,True,10,False,9,5,2.44888687134,0.947705984116,0.300932168961,Azul
46,457,s,True,28,19,True,13,False,15,False,10,False,9,6,2.15283918381,0.651703119278,0.300889015198,Verde
47,390,s,True,29,19,True,14,False,15,False,10,False,9,6,2.24829697609,0.74716091156,0.501316070557,Purpura
48,502,n,True,30,19,False,14,True,16,False,10,False,9,1,2.24946904182,0.748408079147,1.30341506004,Verde
49,6,n,False,30,20,False,14,False,16,False,10,True,10,3,3.4573829174,1.95624899864,0.60152888298,Purpura
50,625,n,True,31,20,False,14,True,17,False,10,False,10,2,2.24828886986,0.7471139431,0.501477956772,Azul
51,335,s,True,32,20,True,15,False,17,False,10,False,10,5,2.64866185188,1.14756798744,0.701664924622,Purpura
52,626,n,True,33,20,False,15,True,18,False,10,False,10,2,2.34855103493,0.847442865372,0.601623058319,Naranja
53,98,s,True,34,20,True,16,False,18,False,10,False,10,6,2.55381298065,1.05348014832,0.501397132874,Verde
54,439,s,True,35,20,True,17,False,18,False,10,False,10,6,2.04798388481,0.546903848648,0.501507043839,Purpura
55,294,n,True,36,20,False,17,True,19,False,10,False,10,1,1.65156912804,0.150423049927,1.40345191956,Purpura
56,546,s,False,36,21,False,17,False,19,True,11,False,10,6,1.75072097778,0.250303030014,0.501359939575,Naranja
57,542,n,True,37,21,False,17,True,20,False,11,False,10,1,1.85102295876,0.350490093231,0.401137113571,Azul
58,595,n,True,38,21,False,17,True,21,False,11,False,10,2,2.64949607849,1.14837193489,0.401237010956,Verde
59,170,s,False,38,22,False,17,False,21,True,12,False,10,6,1.94185686111,0.440670967102,0.401093006134,Azul
60,495,n,True,39,22,False,17,True,22,False,12,False,10,2,2.74933600426,1.24818015099,0.300823926926,Naranja
61,278,n,True,40,22,False,17,True,23,False,12,False,10,1,2.75425291061,1.25312185287,0.501523971558,Purpura
62,339,s,True,41,22,True,18,False,23,False,12,False,10,6,1.94762516022,0.447409152985,0.902644872665,Azul
63,496,n,True,42,22,False,18,True,24,False,12,False,10,1,2.14810299873,0.647050857544,0.601699113846,Verde
64,198,n,True,43,22,False,18,True,25,False,12,False,10,1,2.05307197571,0.551896095276,0.401108980179,Purpura
65,590,n,True,44,22,False,18,True,26,False,12,False,10,1,1.95288014412,0.451740980148,0.501573085785,Azul
66,196,s,False,44,23,False,18,False,26,True,13,False,10,6,2.05274105072,0.55163693428,0.300997972488,Azul
67,228,s,False,44,24,False,18,False,26,True,14,False,10,5,4.75961995125,3.25850510597,0.301017045975,Azul
68,197,n,True,45,24,False,18,True,27,False,14,False,10,1,2.15342593193,0.65226483345,0.802201032639,Verde
69,549,n,True,46,24,False,18,True,28,False,14,False,10,1,2.1394970417,0.638315200806,1.10297703743,Naranja
70,276,n,True,47,24,False,18,True,29,False,14,False,10,2,2.25292301178,0.751816987991,0.501172065735,Azul
71,446,s,True,48,24,True,19,False,29,False,14,False,10,6,2.25566005707,0.754472970963,0.401036024094,Azul
72,401,s,True,49,24,True,20,False,29,False,14,False,10,6,2.45061898232,0.949445009232,0.401199102402,Naranja
73,136,s,True,50,24,True,21,False,29,False,14,False,10,6,2.15288186073,0.651743888855,0.400923013687,Naranja
74,267,n,True,51,24,False,21,True,30,False,14,False,10,2,2.14820098877,0.647038936615,0.401201963425,Naranja
75,61,s,True,52,24,True,22,False,30,False,14,False,10,6,2.25284790993,0.751770973206,0.30087685585,Azul
76,505,s,False,52,25,False,22,False,30,True,15,False,10,6,2.15458703041,0.65344786644,0.30087685585,Verde
77,331,s,True,53,25,True,23,False,30,False,15,False,10,6,2.55439400673,1.05326008797,0.301138877869,Verde
78,391,s,True,54,25,True,24,False,30,False,15,False,10,5,2.95390796661,1.45317220688,0.40119600296,Naranja
79,640,n,True,55,25,False,24,True,31,False,15,False,10,1,2.04671406746,0.545560121536,0.501531124115,Verde
80,321,s,True,56,25,True,25,False,31,False,15,False,10,6,2.2483458519,0.747184038162,0.501528024673,Naranja
81,506,s,False,56,26,False,25,False,31,True,16,False,10,6,2.15204310417,0.651579141617,0.401250839233,Purpura
82,70,s,True,57,26,True,26,False,31,False,16,False,10,5,2.7544631958,1.2533800602,0.501291036606,Purpura
83,474,s,True,58,26,True,27,False,31,False,16,False,10,6,2.7534058094,1.25277113914,0.702016115189,Purpura
84,614,n,True,59,26,False,27,True,32,False,16,False,10,1,1.85156798363,0.350872039795,0.601641893387,Verde
85,463,s,True,60,26,True,28,False,32,False,16,False,10,6,1.65243697166,0.151309967041,1.60427999496,Naranja
86,118,s,True,61,26,True,29,False,32,False,16,False,10,6,2.55371403694,1.0526368618,0.401109933853,Purpura
87,434,s,True,62,26,True,30,False,32,False,16,False,10,6,2.44958496094,0.948433876038,0.401046991348,Naranja
88,410,s,True,63,26,True,31,False,32,False,16,False,10,6,2.35221910477,0.851618051529,0.300846099854,Azul
89,429,s,True,64,26,True,32,False,32,False,16,False,10,6,2.14838409424,0.64729809761,0.401146888733,Purpura
90,110,s,True,65,26,True,33,False,32,False,16,False,10,6,2.0532541275,0.552098035812,0.30091881752,Naranja
91,634,n,True,66,26,False,33,True,33,False,16,False,10,2,2.25241017342,0.751623153687,1.00272107124,Purpura
92,426,s,True,67,26,True,34,False,33,False,16,False,10,6,2.34875106812,0.847680091858,0.300938844681,Purpura
93,619,n,True,68,26,False,34,True,34,False,16,False,10,2,1.94999194145,0.448930978775,0.601883888245,Azul
94,639,n,True,69,26,False,34,True,35,False,16,False,10,1,1.75005197525,0.249662160873,0.601498126984,Naranja
95,311,n,True,70,26,False,34,True,36,False,16,False,10,1,1.65162611008,0.150820970535,1.00262284279,Naranja
96,30,s,True,71,26,True,35,False,36,False,16,False,10,6,2.25298905373,0.751820087433,0.802161931992,Naranja
97,16,s,True,72,26,True,36,False,36,False,16,False,10,6,2.24147605896,0.740320920944,0.701967954636,Purpura
98,336,s,True,73,26,True,37,False,36,False,16,False,10,5,2.44984698296,0.948714971542,0.401121139526,Azul
99,399,s,True,74,26,True,38,False,36,False,16,False,10,6,2.14832687378,0.647211790085,0.702039003372,Purpura
100,430,s,True,75,26,True,39,False,36,False,16,False,10,6,2.44889593124,0.947798967361,0.401268005371,Azul
101,67,s,True,76,26,True,40,False,36,False,16,False,10,5,2.05361199379,0.552407979965,0.501293182373,Purpura
102,76,s,True,77,26,True,41,False,36,False,16,False,10,5,2.34140896797,0.840318918228,0.402886152267,Verde
103,427,s,True,78,26,True,42,False,36,False,16,False,10,5,2.64954996109,1.14837694168,0.401106834412,Azul
104,384,s,True,79,26,True,43,False,36,False,16,False,10,5,2.23923897743,0.738068819046,0.401041030884,Azul
105,343,n,False,79,27,False,43,False,36,False,16,True,11,2,2.24125909805,0.74009513855,2.30566096306,Naranja
106,398,s,True,80,27,True,44,False,36,False,16,False,11,6,1.94770002365,0.446631908417,0.701537847519,Naranja
107,383,s,True,81,27,True,45,False,36,False,16,False,11,5,2.33956813812,0.838350057602,0.30203795433,Purpura
108,529,s,False,81,28,False,45,False,36,True,17,False,11,5,2.64958119392,1.14850616455,0.300945043564,Azul
109,600,n,True,82,28,False,45,True,37,False,17,False,11,1,2.24860787392,0.747565031052,0.401021957397,Azul
110,90,s,True,83,28,True,46,False,37,False,17,False,11,6,2.55378484726,1.05331277847,0.300842046738,Azul
111,628,n,True,84,28,False,46,True,38,False,17,False,11,1,2.14820098877,0.648068904877,0.501407146454,Purpura
112,467,s,True,85,28,True,47,False,38,False,17,False,11,6,2.14821100235,0.647355794907,0.30073595047,Verde
113,392,s,True,86,28,True,48,False,38,False,17,False,11,6,2.53954195976,1.03846597672,0.300981998444,Verde
114,160,s,True,87,28,True,49,False,38,False,17,False,11,6,1.85208487511,0.350907087326,0.40110206604,Purpura
115,453,s,True,88,28,True,50,False,38,False,17,False,11,6,1.84766316414,0.346491098404,0.301296949387,Naranja
116,578,n,True,89,28,False,50,True,39,False,17,False,11,1,2.15179109573,0.651226997375,1.00263118744,Naranja
117,355,n,False,89,29,False,50,False,39,False,17,True,12,3,4.66085100174,3.15978884697,0.401257991791,Azul
118,555,s,False,89,30,False,50,False,39,True,18,False,12,6,2.24966216087,0.749417066574,0.701821088791,Azul
119,420,s,True,90,30,True,51,False,39,False,18,False,12,6,2.43999886513,0.938934087753,0.300990819931,Verde
120,479,s,True,91,30,True,52,False,39,False,18,False,12,6,1.95176196098,0.451038122177,0.4011759758,Naranja
121,485,n,True,92,30,False,52,True,40,False,18,False,12,1,2.04801416397,0.546861171722,0.401170969009,Naranja
122,338,n,False,92,31,False,52,False,40,False,18,True,13,3,2.85008382797,1.34902787209,0.300961017609,Verde
123,422,s,True,93,31,True,53,False,40,False,18,False,13,5,3.05407118797,1.55326604843,0.40101313591,Verde
124,43,s,True,94,31,True,54,False,40,False,18,False,13,5,2.24150395393,0.740386009216,0.400936126709,Naranja
125,194,s,False,94,32,False,54,False,40,True,19,False,13,4,2.85475587845,1.35361790657,0.400986194611,Verde
126,622,n,True,95,32,False,54,True,41,False,19,False,13,1,2.1491651535,0.648121118546,0.40131521225,Azul
127,303,n,True,96,32,False,54,True,42,False,19,False,13,1,2.04158401489,0.54044508934,0.601812839508,Purpura
128,181,n,True,97,32,False,54,True,43,False,19,False,13,1,2.64954805374,1.14841914177,0.501245975494,Verde
129,425,s,True,98,32,True,55,False,43,False,19,False,13,5,2.54909896851,1.04805397987,0.701753854752,Verde
130,268,n,True,99,32,False,55,True,44,False,19,False,13,2,2.5504219532,1.04919886589,0.601944208145,Verde
131,266,n,True,100,32,False,55,True,45,False,19,False,13,2,2.14836215973,0.647323131561,0.501321077347,Azul
132,418,s,True,101,32,True,56,False,45,False,19,False,13,6,2.15183210373,0.651412010193,0.40105509758,Azul
133,21,s,True,102,32,True,57,False,45,False,19,False,13,6,2.44262695312,0.941469907761,0.300827980042,Verde
134,577,n,True,103,32,False,57,True,46,False,19,False,13,1,2.25085496902,0.750680923462,0.702091932297,Azul
135,4,s,True,104,32,True,58,False,46,False,19,False,13,6,2.45384883881,0.952704906464,0.300814151764,Azul
136,187,s,False,104,33,False,58,False,46,True,20,False,13,6,2.15381598473,0.652749061584,0.401053905487,Naranja
137,105,s,True,105,33,True,59,False,46,False,20,False,13,6,1.94067311287,0.439491033554,0.400880813599,Purpura
138,500,s,False,105,34,False,59,False,46,True,21,False,13,6,2.34810805321,0.846975803375,0.300778865814,Purpura
139,325,n,False,105,35,False,59,False,46,False,21,True,14,3,2.14788198471,0.646760940552,0.501425027847,Verde
140,161,s,False,105,36,False,59,False,46,True,22,False,14,5,2.75479388237,1.25357294083,0.501433849335,Naranja
141,566,n,True,106,36,False,59,True,47,False,22,False,14,1,2.14845108986,0.647313117981,0.601468086243,Verde
142,13,s,True,107,36,True,60,False,47,False,22,False,14,6,2.44949293137,0.948278903961,0.30099105835,Azul
143,285,n,True,108,36,False,60,True,48,False,22,False,14,1,1.95238995552,0.451292037964,0.400999069214,Azul
144,261,n,True,109,36,False,60,True,49,False,22,False,14,1,2.05230093002,0.551223039627,0.300803899765,Verde
145,528,n,True,110,36,False,60,True,50,False,22,False,14,1,2.14815592766,0.646858930588,0.300879001617,Verde
146,217,s,False,110,37,False,60,False,50,True,23,False,14,5,2.45463204384,0.953498840332,0.501433134079,Purpura
147,574,n,True,111,37,False,60,True,51,False,23,False,14,1,2.15168595314,0.651226043701,0.601666927338,Azul
148,407,s,True,112,37,True,61,False,51,False,23,False,14,6,3.55633091927,2.0552418232,0.401068925858,Naranja
149,323,s,True,113,37,True,62,False,51,False,23,False,14,5,2.55330991745,1.05258488655,0.401151895523,Azul
150,557,n,True,114,37,False,62,True,52,False,23,False,14,1,1.84874916077,0.348081111908,0.401379108429,Purpura
151,516,s,False,114,38,False,62,False,52,True,24,False,14,4,2.54936003685,1.04826807976,0.401065826416,Purpura
152,301,n,True,115,38,False,62,True,53,False,24,False,14,1,1.64683699608,0.145745992661,0.401141881943,Azul
153,86,s,True,116,38,True,63,False,53,False,24,False,14,5,2.84872293472,1.34757399559,0.701797962189,Purpura
154,10,n,False,116,39,False,63,False,53,False,24,True,15,2,2.04794406891,0.546739816666,0.501322984695,Azul
155,195,n,True,117,39,False,63,True,54,False,24,False,15,3,2.35427999496,0.853101015091,0.401207923889,Purpura
156,15,s,True,118,39,True,64,False,54,False,24,False,15,5,2.43980121613,0.938732147217,0.401599168777,Verde
157,162,s,False,118,40,False,64,False,54,True,25,False,15,4,2.5544989109,1.05341696739,0.401283979416,Verde
158,530,s,False,118,41,False,64,False,54,True,26,False,15,6,2.34959888458,0.848566055298,0.601639032364,Naranja
159,466,s,True,119,41,True,65,False,54,False,26,False,15,4,2.64935708046,1.14824008942,0.401098012924,Naranja
160,132,s,True,120,41,True,66,False,54,False,26,False,15,6,2.45337295532,0.952200889587,0.301084041595,Azul
161,247,n,True,121,41,False,66,True,55,False,26,False,15,2,2.25405216217,0.752993106842,0.401135921478,Azul
162,191,n,True,122,41,False,66,True,56,False,26,False,15,3,7.56630802155,6.06518507004,0.300977945328,Verde
163,447,s,True,123,41,True,67,False,56,False,26,False,15,6,2.64070010185,1.13960313797,0.400995969772,Naranja
164,272,n,True,124,41,False,67,True,57,False,26,False,15,1,1.64686989784,0.145808935165,0.200658082962,Purpura
165,609,n,True,125,41,False,67,True,58,False,26,False,15,2,2.13890719414,0.637739181519,0.5015001297,Azul
166,109,s,True,126,41,True,68,False,58,False,26,False,15,6,1.85174202919,0.350626945496,0.300907850266,Azul
167,274,n,True,127,41,False,68,True,59,False,26,False,15,1,1.85177206993,0.350651025772,0.501248121262,Verde
168,375,s,True,128,41,True,69,False,59,False,26,False,15,5,2.25368618965,0.753319978714,0.501327037811,Naranja
169,411,s,True,129,41,True,70,False,59,False,26,False,15,5,1.95071005821,0.450091838837,0.300899028778,Verde
170,248,n,True,130,41,False,70,True,60,False,26,False,15,1,1.94783186913,0.446693897247,0.802088975906,Naranja
171,40,s,True,131,41,True,71,False,60,False,26,False,15,5,2.65384292603,1.1527338028,0.401216030121,Naranja
172,203,s,False,131,42,False,71,False,60,True,27,False,15,4,2.34169578552,0.84049487114,0.601430892944,Naranja
173,538,s,False,131,43,False,71,False,60,True,28,False,15,6,2.35687613487,0.855746984482,0.300713062286,Purpura
174,145,s,True,132,43,True,72,False,60,False,28,False,15,6,2.1539978981,0.652825832367,0.300969839096,Naranja
175,346,s,True,133,43,True,73,False,60,False,28,False,15,5,2.44882702827,0.947686910629,0.300978183746,Azul
176,481,s,False,133,44,False,73,False,60,True,29,False,15,5,2.15194010735,0.651386022568,0.300940036774,Azul
177,26,s,True,134,44,True,74,False,60,False,29,False,15,5,2.35365605354,0.852515935898,0.60155916214,Azul
178,171,s,False,134,45,False,74,False,60,True,30,False,15,6,2.44937705994,0.949005126953,0.300948858261,Naranja
179,211,s,False,134,46,False,74,False,60,True,31,False,15,6,1.95284199715,0.451768875122,0.300931215286,Purpura
180,84,s,True,135,46,True,75,False,60,False,31,False,15,5,2.54295802116,1.04176497459,0.401129961014,Azul
181,393,s,True,136,46,True,76,False,60,False,31,False,15,6,2.14800596237,0.646907091141,0.300970077515,Purpura
182,177,s,False,136,47,False,76,False,60,True,32,False,15,6,2.35042190552,0.849498987198,0.300993919373,Naranja
183,603,n,True,137,47,False,76,True,61,False,32,False,15,1,2.15066599846,0.650032997131,0.400999069214,Azul
184,512,n,True,138,47,False,76,True,62,False,32,False,15,2,2.13866901398,0.637567043304,0.601713895798,Verde
185,144,s,True,139,47,True,77,False,62,False,32,False,15,5,3.14381504059,1.6426551342,0.801789045334,Purpura
186,497,s,False,139,48,False,77,False,62,True,33,False,15,6,1.94732117653,0.446199178696,0.300896167755,Azul
187,498,s,False,139,49,False,77,False,62,True,34,False,15,6,2.05321788788,0.552031993866,0.300780057907,Naranja
188,14,s,True,140,49,True,78,False,62,False,34,False,15,6,2.44923496246,0.948117017746,0.401120901108,Naranja
189,164,n,True,141,49,False,78,True,63,False,34,False,15,2,2.55374717712,1.05267500877,0.601665019989,Azul
190,359,s,True,142,49,True,79,False,63,False,34,False,15,5,2.4400331974,0.939371109009,0.601668119431,Naranja
191,287,n,True,143,49,False,79,True,64,False,34,False,15,1,2.05347490311,0.552378892899,0.401268005371,Verde
192,289,n,True,144,49,False,79,True,65,False,34,False,15,1,2.35353183746,0.852350950241,0.300755977631,Naranja
193,601,n,True,145,49,False,79,True,66,False,34,False,15,3,3.65566587448,2.15495896339,0.300844907761,Verde
194,304,n,True,146,49,False,79,True,67,False,34,False,15,1,1.64738798141,0.146325826645,0.501258134842,Azul
195,142,s,True,147,49,True,80,False,67,False,34,False,15,6,1.84633898735,0.345171928406,0.401068925858,Naranja
196,565,n,True,148,49,False,80,True,68,False,34,False,15,3,3.25129389763,1.75011587143,0.501367092133,Naranja
197,42,s,True,149,49,True,81,False,68,False,34,False,15,5,2.14963388443,0.648437976837,0.401066064835,Azul
198,150,s,True,150,49,True,82,False,68,False,34,False,15,6,2.05134797096,0.550309896469,0.300749778748,Purpura
199,554,s,False,150,50,False,82,False,68,True,35,False,15,6,2.05395197868,0.55287694931,0.300796985626,Purpura
200,612,n,True,151,50,False,82,True,69,False,35,False,15,1,1.74999117851,0.249438047409,0.501183986664,Purpura
201,95,s,True,152,50,True,83,False,69,False,35,False,15,6,2.05308699608,0.551920175552,0.300763845444,Verde
202,93,s,True,153,50,True,84,False,69,False,35,False,15,5,3.95701384544,2.4558839798,0.301970005035,Azul
203,468,s,True,154,50,True,85,False,69,False,35,False,15,6,2.24842810631,0.748172044754,0.40097117424,Purpura
204,17,s,True,155,50,True,86,False,69,False,35,False,15,6,2.44258499146,0.941443920135,0.300910949707,Naranja
205,22,s,True,156,50,True,87,False,69,False,35,False,15,6,2.44797801971,0.946874141693,0.200789213181,Purpura
206,96,s,True,157,50,True,88,False,69,False,35,False,15,6,2.35342097282,0.852253913879,0.300987005234,Purpura
207,263,n,True,158,50,False,88,True,70,False,35,False,15,1,1.75287699699,0.251675128937,0.300918102264,Azul
208,78,s,True,159,50,True,89,False,70,False,35,False,15,4,3.55069112778,2.04954791069,0.300962924957,Naranja
209,66,s,True,160,50,True,90,False,70,False,35,False,15,5,2.65417981148,1.1530649662,0.300960063934,Verde
210,298,n,True,161,50,False,90,True,71,False,35,False,15,1,1.64086198807,0.139658927917,0.30090880394,Azul
211,417,n,False,161,51,False,90,False,71,False,35,True,16,3,5.25915598869,3.75860595703,1.80440092087,Verde
212,376,s,True,162,51,True,91,False,71,False,35,False,16,5,2.550812006,1.0496981144,0.802112102509,Verde
213,510,n,True,163,51,False,91,True,72,False,35,False,16,1,1.85100603104,0.350494146347,0.601609945297,Azul
214,492,s,False,163,52,False,91,False,72,True,36,False,16,6,1.94669795036,0.44553399086,0.300884008408,Naranja
215,185,n,True,164,52,False,91,True,73,False,36,False,16,2,2.35395789146,0.852561950684,1.00280404091,Purpura
216,200,n,True,165,52,False,91,True,74,False,36,False,16,1,1.65154409409,0.151313066483,0.100373029709,Naranja
217,237,n,True,166,52,False,91,True,75,False,36,False,16,1,2.34196710587,0.840893983841,0.601735830307,Azul
218,242,n,True,167,52,False,91,True,76,False,36,False,16,3,2.35334420204,0.852207183838,0.401095867157,Verde
219,310,n,True,168,52,False,91,True,77,False,36,False,16,1,1.64585900307,0.144706010818,0.300801992416,Purpura
220,302,n,True,169,52,False,91,True,78,False,36,False,16,1,1.64786505699,0.146676063538,0.200725078583,Naranja
221,130,s,True,170,52,True,92,False,78,False,36,False,16,6,1.75201296806,0.251180887222,0.401140928268,Verde
222,526,n,True,171,52,False,92,True,79,False,36,False,16,2,1.94858193398,0.447427988052,0.701622962952,Azul
223,193,n,True,172,52,False,92,True,80,False,36,False,16,3,4.75891900063,3.257791996,0.301066160202,Naranja
224,337,s,True,173,52,True,93,False,80,False,36,False,16,4,2.44824290276,0.947079896927,0.401141881943,Naranja
225,169,s,False,173,53,False,93,False,80,True,37,False,16,5,2.04147386551,0.540259838104,0.300732135773,Purpura
226,201,s,False,173,54,False,93,False,80,True,38,False,16,6,2.34045100212,0.839283943176,0.401157855988,Purpura
227,537,s,False,173,55,False,93,False,80,True,39,False,16,6,1.75095295906,0.250227928162,0.300879001617,Verde
228,146,s,True,174,55,True,94,False,80,False,39,False,16,6,2.15286207199,0.651669025421,0.300873041153,Verde
229,116,s,True,175,55,True,95,False,80,False,39,False,16,6,2.05239200592,0.551320075989,0.301091194153,Azul
230,147,s,True,176,55,True,96,False,80,False,39,False,16,6,1.95291399956,0.451702833176,0.300945997238,Purpura
231,277,n,True,177,55,False,96,True,81,False,39,False,16,1,1.65055394173,0.149399995804,0.200659036636,Verde
232,596,n,True,178,55,False,96,True,82,False,39,False,16,1,1.64708590508,0.146016120911,0.300906896591,Purpura
233,511,n,True,179,55,False,96,True,83,False,39,False,16,1,1.65492606163,0.153683900833,0.300831079483,Naranja
234,397,s,True,180,55,True,97,False,83,False,39,False,16,6,2.0480120182,0.546844005585,0.30090713501,Azul
235,229,n,True,181,55,False,97,True,84,False,39,False,16,1,2.05160307884,0.550431966782,0.300820112228,Verde
236,155,s,True,182,55,True,98,False,84,False,39,False,16,6,2.35262298584,0.851583003998,0.300983190536,Naranja
237,79,s,True,183,55,True,99,False,84,False,39,False,16,6,2.24874305725,0.74764585495,0.300968885422,Verde
238,125,s,True,184,55,True,100,False,84,False,39,False,16,6,1.65189313889,0.150676965714,0.301074028015,Azul
239,487,n,True,185,55,False,100,True,85,False,39,False,16,1,1.65048503876,0.149919033051,0.20062494278,Purpura
240,36,s,True,186,55,True,101,False,85,False,39,False,16,4,3.25546717644,1.75430893898,0.300844192505,Azul
241,623,n,True,187,55,False,101,True,86,False,39,False,16,1,1.64853906631,0.147351026535,0.100420951843,Naranja
242,533,n,True,188,55,False,101,True,87,False,39,False,16,2,2.24882006645,0.747722148895,1.20354008675,Naranja
243,59,s,True,189,55,True,102,False,87,False,39,False,16,4,3.05545902252,1.55429601669,0.401107788086,Naranja
244,74,s,True,190,55,True,103,False,87,False,39,False,16,4,2.45059990883,0.949496030807,0.30086183548,Azul
245,465,s,True,191,55,True,104,False,87,False,39,False,16,6,1.84805393219,0.346947908401,0.300955057144,Azul
246,436,s,True,192,55,True,105,False,87,False,39,False,16,5,2.253469944,0.752321004868,0.300811052322,Purpura
247,216,n,True,193,55,False,105,True,88,False,39,False,16,1,2.24819302559,0.74707698822,0.300759077072,Naranja
248,210,s,False,193,56,False,105,False,88,True,40,False,16,6,2.34973812103,0.848561048508,0.300888061523,Verde
249,482,s,False,193,57,False,105,False,88,True,41,False,16,6,2.04691195488,0.545852899551,0.300863981247,Naranja
250,448,s,True,194,57,True,106,False,88,False,41,False,16,6,2.65304803848,1.15193414688,0.401151895523,Verde
251,329,s,True,195,57,True,107,False,88,False,41,False,16,4,2.754570961,1.25346493721,0.802308082581,Purpura
252,605,n,True,196,57,False,107,True,89,False,41,False,16,1,1.64704012871,0.145869970322,0.401102781296,Purpura
253,71,s,True,197,57,True,108,False,89,False,41,False,16,6,2.35336589813,0.852194070816,0.20068693161,Azul
254,81,s,True,198,57,True,109,False,89,False,41,False,16,6,2.15276694298,0.651871919632,0.300878047943,Naranja
255,532,s,False,198,58,False,109,False,89,True,42,False,16,6,2.35524606705,0.854104995728,0.300770044327,Purpura
256,138,s,True,199,58,True,110,False,89,False,42,False,16,5,2.45002007484,0.948903083801,0.902456998825,Azul
257,576,n,True,200,58,False,110,True,90,False,42,False,16,1,1.63844704628,0.137346029282,0.200605869293,Verde
258,571,s,False,200,59,False,110,False,90,True,43,False,16,4,2.25199103355,0.75154209137,0.401193141937,Azul
259,167,n,True,201,59,False,110,True,91,False,43,False,16,1,1.65152907372,0.150345087051,0.300993919373,Azul
260,316,n,True,202,59,False,110,True,92,False,43,False,16,2,1.95345401764,0.452877044678,0.401387929916,Purpura
261,591,n,True,203,59,False,110,True,93,False,43,False,16,1,1.84755587578,0.34636092186,0.501280069351,Naranja
262,442,s,True,204,59,True,111,False,93,False,43,False,16,6,1.95194911957,0.451282024384,0.300815105438,Purpura
263,328,s,True,205,59,True,112,False,93,False,43,False,16,4,2.55144095421,1.05121898651,0.601713895798,Verde
264,560,n,True,206,59,False,112,True,94,False,43,False,16,2,1.94787406921,0.447290897369,0.40106511116,Verde
265,341,s,True,207,59,True,113,False,94,False,43,False,16,5,2.44879221916,0.947669029236,1.20309901237,Verde
266,443,s,True,208,59,True,114,False,94,False,43,False,16,5,1.95125889778,0.450622081757,0.401163101196,Azul
267,259,n,True,209,59,False,114,True,95,False,43,False,16,1,1.75149083138,0.25128698349,0.200569868088,Purpura
268,34,s,True,210,59,True,115,False,95,False,43,False,16,4,2.55475306511,1.05358695984,0.401277065277,Verde
269,159,s,True,211,59,True,116,False,95,False,43,False,16,6,1.75127601624,0.250744104385,0.300973892212,Verde
270,108,s,True,212,59,True,117,False,95,False,43,False,16,6,1.94774699211,0.447041988373,0.300816059113,Verde
271,584,n,True,213,59,False,117,True,96,False,43,False,16,1,1.64983892441,0.148808956146,0.200562953949,Azul
272,20,s,True,214,59,True,118,False,96,False,43,False,16,5,2.24834799767,0.747164011002,0.300692796707,Azul
273,541,s,False,214,60,False,118,False,96,True,44,False,16,4,3.05413794518,1.55340504646,0.300748109818,Purpura
274,361,n,False,214,61,False,118,False,96,False,44,True,17,3,1.64694094658,0.145807981491,1.90460896492,Purpura
275,504,n,True,215,61,False,118,True,97,False,44,False,17,2,1.64702987671,0.145896911621,0.301045894623,Azul
276,454,s,True,216,61,True,119,False,97,False,44,False,17,5,1.95167994499,0.450892925262,0.601713180542,Verde
277,174,n,True,217,61,False,119,True,98,False,44,False,17,3,1.74010896683,0.238919019699,1.90475606918,Naranja
278,493,n,True,218,61,False,119,True,99,False,44,False,17,2,2.04820895195,0.546992063522,0.401005029678,Purpura
279,219,s,False,218,62,False,119,False,99,True,45,False,17,5,2.35399603844,0.852864027023,1.40338397026,Naranja
280,406,s,True,219,62,True,120,False,99,False,45,False,17,5,2.2483150959,0.747122049332,0.300943851471,Purpura
281,202,s,False,219,63,False,120,False,99,True,46,False,17,6,2.44827103615,0.947130203247,0.301023006439,Azul
282,535,n,True,220,63,False,120,True,100,False,46,False,17,1,1.74701499939,0.245908021927,1.20316886902,Purpura
283,342,s,True,221,63,True,121,False,100,False,46,False,17,4,2.95053195953,1.44941592216,0.401175022125,Purpura
284,137,s,True,222,63,True,122,False,100,False,46,False,17,6,2.15348505974,0.652298927307,0.300940990448,Purpura
285,255,n,True,223,63,False,122,True,101,False,46,False,17,2,1.9525179863,0.451352119446,0.300751924515,Verde
286,444,s,True,224,63,True,123,False,101,False,46,False,17,5,2.35355401039,0.853055953979,0.301353931427,Naranja
287,602,n,True,225,63,False,123,True,102,False,46,False,17,2,2.05177903175,0.55105805397,0.200683116913,Purpura
288,389,s,True,226,63,True,124,False,102,False,46,False,17,6,2.45277190208,0.952180862427,0.300855875015,Verde
289,82,s,True,227,63,True,125,False,102,False,46,False,17,6,2.14839100838,0.647338867188,0.501224040985,Verde
290,222,n,True,228,63,False,125,True,103,False,46,False,17,2,1.85217809677,0.351084947586,0.702021121979,Naranja
291,449,s,True,229,63,True,126,False,103,False,46,False,17,6,2.03960299492,0.538429021835,0.300891160965,Azul
292,632,n,True,230,63,False,126,True,104,False,46,False,17,1,1.75295114517,0.251775026321,0.300940036774,Azul
293,92,s,True,231,63,True,127,False,104,False,46,False,17,6,1.85193109512,0.350808143616,0.200577020645,Verde
294,360,s,True,232,63,True,128,False,104,False,46,False,17,6,2.2517888546,0.751196861267,0.300889015198,Verde
295,176,n,True,233,63,False,128,True,105,False,46,False,17,1,1.64735388756,0.146226167679,0.200695037842,Purpura
296,257,n,True,234,63,False,128,True,106,False,46,False,17,1,1.85201311111,0.350923061371,0.401165008545,Naranja
297,379,s,True,235,63,True,129,False,106,False,46,False,17,6,2.34062004089,0.839477062225,0.200643777847,Verde
298,214,n,True,236,63,False,129,True,107,False,46,False,17,2,2.54873108864,1.04772210121,0.300832033157,Purpura
299,188,s,False,236,64,False,129,False,107,True,47,False,17,6,1.8524479866,0.351352930069,0.30090713501,Verde
300,119,s,True,237,64,True,130,False,107,False,47,False,17,6,2.04785609245,0.546653985977,0.30069899559,Azul
301,240,n,True,238,64,False,130,True,108,False,47,False,17,1,3.05000591278,1.548869133,0.300822019577,Purpura
302,269,n,True,239,64,False,130,True,109,False,47,False,17,1,1.65370798111,0.152554988861,0.201266050339,Azul
303,490,s,False,239,65,False,130,False,109,True,48,False,17,6,1.84610700607,0.345268964767,0.200473070145,Purpura
304,573,n,True,240,65,False,130,True,110,False,48,False,17,1,1.63737511635,0.136319160461,0.100823879242,Purpura
305,245,n,True,241,65,False,130,True,111,False,48,False,17,1,1.94754195213,0.446426868439,0.501351118088,Verde
306,363,s,True,242,65,True,131,False,111,False,48,False,17,6,1.651927948,0.150815963745,0.301145076752,Verde
307,135,s,True,243,65,True,132,False,111,False,48,False,17,6,1.65123486519,0.151050806046,0.200732946396,Azul
308,254,n,True,244,65,False,132,True,112,False,48,False,17,2,2.65451288223,1.15339279175,0.401427030563,Naranja
309,190,n,True,245,65,False,132,True,113,False,48,False,17,2,1.65154218674,0.151373147964,0.401184082031,Naranja
310,517,n,True,246,65,False,132,True,114,False,48,False,17,2,2.24959802628,0.748558998108,0.801976919174,Naranja
311,543,n,True,247,65,False,132,True,115,False,48,False,17,2,1.75081396103,0.250455856323,0.902272939682,Naranja
312,460,s,True,248,65,True,133,False,115,False,48,False,17,6,1.84655213356,0.345391988754,0.300853967667,Naranja
313,402,s,True,249,65,True,134,False,115,False,48,False,17,6,1.94889807701,0.447715997696,0.401171922684,Verde
314,123,s,True,250,65,True,135,False,115,False,48,False,17,6,1.65279698372,0.151690006256,0.401171922684,Naranja
315,491,s,False,250,66,False,135,False,115,True,49,False,17,6,1.64692115784,0.145770072937,0.601463079453,Azul
316,111,s,True,251,66,True,136,False,115,False,49,False,17,6,1.84660506248,0.345411062241,0.501312971115,Verde
317,604,s,False,251,67,False,136,False,115,True,50,False,17,6,1.65505886078,0.153872966766,0.300840139389,Naranja
318,415,s,True,252,67,True,137,False,115,False,50,False,17,6,1.84778785706,0.346744060516,0.300793886185,Azul
319,94,s,True,253,67,True,138,False,115,False,50,False,17,6,1.65206503868,0.150905847549,0.401165962219,Naranja
320,366,s,True,254,67,True,139,False,115,False,50,False,17,6,1.64816594124,0.14709186554,0.501236200333,Naranja
321,580,n,True,255,67,False,139,True,116,False,50,False,17,2,1.94765710831,0.446550130844,0.401110887527,Purpura
322,536,n,True,256,67,False,139,True,117,False,50,False,17,2,1.94830012321,0.44718003273,0.401098966599,Azul
323,290,n,True,257,67,False,139,True,118,False,50,False,17,1,1.65167880058,0.150527000427,0.300879955292,Verde
324,120,s,True,258,67,True,140,False,118,False,50,False,17,6,2.25335597992,0.752302885056,0.300925970078,Naranja
325,151,s,True,259,67,True,141,False,118,False,50,False,17,6,1.65308403969,0.151962041855,0.300891160965,Azul
326,100,s,True,260,67,True,142,False,118,False,50,False,17,5,2.5544860363,1.05333209038,0.301062107086,Azul
327,58,s,True,261,67,True,143,False,118,False,50,False,17,6,1.95271682739,0.45161819458,0.401158094406,Azul
328,423,s,True,262,67,True,144,False,118,False,50,False,17,6,1.74836492538,0.24716591835,0.50169801712,Purpura
329,60,s,True,263,67,True,145,False,118,False,50,False,17,5,1.75179505348,0.250701904297,0.601412057877,Verde
330,478,s,True,264,67,True,146,False,118,False,50,False,17,6,2.05162191391,0.550860881805,0.300961971283,Azul
331,330,s,True,265,67,True,147,False,118,False,50,False,17,6,1.84732794762,0.346149921417,0.401079893112,Azul
332,233,n,True,266,67,False,147,True,119,False,50,False,17,2,2.14158797264,0.640439987183,0.501384973526,Purpura
333,365,s,True,267,67,True,148,False,119,False,50,False,17,6,1.94824099541,0.447145938873,0.401247024536,Azul
334,520,n,True,268,67,False,148,True,120,False,50,False,17,2,1.64684796333,0.145695209503,0.401015043259,Azul
335,182,n,True,269,67,False,148,True,121,False,50,False,17,2,1.64700889587,0.145858049393,0.200575113297,Purpura
336,179,s,False,269,68,False,148,False,121,True,51,False,17,5,2.1526248455,0.651433944702,0.401365041733,Purpura
337,273,n,True,270,68,False,148,True,122,False,51,False,17,2,1.75235295296,0.251269102097,0.300863027573,Naranja
338,199,n,True,271,68,False,148,True,123,False,51,False,17,2,1.75174212456,0.250662088394,0.300961017609,Azul
339,334,s,True,272,68,True,149,False,123,False,51,False,17,6,2.55000710487,1.04883599281,0.501467943192,Naranja
340,85,s,True,273,68,True,150,False,123,False,51,False,17,6,1.64678096771,0.14563202858,0.300836801529,Verde
341,73,s,True,274,68,True,151,False,123,False,51,False,17,6,1.64752101898,0.146457910538,0.501352071762,Purpura
342,97,s,True,275,68,True,152,False,123,False,51,False,17,6,2.35345506668,0.852537870407,0.501398801804,Naranja
343,378,s,True,276,68,True,153,False,123,False,51,False,17,5,2.85357499123,1.35310983658,0.200642108917,Azul
344,64,s,True,277,68,True,154,False,123,False,51,False,17,5,1.65327906609,0.152218103409,0.50141119957,Purpura
345,480,s,True,278,68,True,155,False,123,False,51,False,17,6,2.753292799,1.25262188911,0.301017999649,Verde
346,408,s,True,279,68,True,156,False,123,False,51,False,17,6,1.94886994362,0.448429107666,0.301007032394,Verde
347,333,s,True,280,68,True,157,False,123,False,51,False,17,4,2.44892311096,0.947796106339,0.802098035812,Azul
348,143,s,True,281,68,True,158,False,123,False,51,False,17,5,2.54898881912,1.04787898064,0.802382946014,Verde
349,209,s,False,281,69,False,158,False,123,True,52,False,17,4,1.94874978065,0.447647809982,0.801987886429,Naranja
350,638,n,True,282,69,False,158,True,124,False,52,False,17,1,1.64580106735,0.144634962082,0.300894975662,Verde
351,283,n,True,283,69,False,158,True,125,False,52,False,17,2,1.65251994133,0.151366949081,0.300918102264,Naranja
352,372,n,False,283,70,False,158,False,125,False,52,True,18,3,4.55420517921,3.05298018456,0.200748920441,Naranja
353,559,n,True,284,70,False,158,True,126,False,52,False,18,2,2.14827108383,0.647150993347,0.300803184509,Naranja
354,606,n,True,285,70,False,158,True,127,False,52,False,18,2,1.64744997025,0.146311998367,0.200604915619,Azul
355,117,s,True,286,70,True,159,False,127,False,52,False,18,6,1.84648680687,0.345794916153,0.501518964767,Verde
356,611,n,True,287,70,False,159,True,128,False,52,False,18,2,1.65199398994,0.151479959488,0.301022052765,Verde
357,364,s,True,288,70,True,160,False,128,False,52,False,18,6,2.85389614105,1.35275316238,1.60408306122,Purpura
358,114,s,True,289,70,True,161,False,128,False,52,False,18,6,2.14806604385,0.647034168243,0.300739049911,Verde
359,507,s,False,289,71,False,161,False,128,True,53,False,18,6,1.95158600807,0.450897932053,0.40128993988,Azul
360,567,n,True,290,71,False,161,True,129,False,53,False,18,1,1.65194916725,0.150830984116,0.601753950119,Purpura
361,396,n,False,290,72,False,161,False,129,False,53,True,19,3,2.1536719799,0.652508974075,0.401169061661,Purpura
362,412,s,True,291,72,True,162,False,129,False,53,False,19,5,2.33910894394,0.838015079498,1.00236392021,Azul
363,621,n,True,292,72,False,162,True,130,False,53,False,19,1,1.64684700966,0.145720005035,0.401127099991,Purpura
364,558,n,True,293,72,False,162,True,131,False,53,False,19,1,1.64789295197,0.14671587944,0.501415967941,Azul
365,585,n,True,294,72,False,162,True,132,False,53,False,19,2,2.14821386337,0.647116184235,0.601697921753,Verde
366,483,s,False,294,73,False,162,False,132,True,54,False,19,6,2.24969506264,0.748483896255,0.401077985764,Verde
367,419,s,True,295,73,True,163,False,132,False,54,False,19,6,1.95178294182,0.451031923294,0.30090212822,Naranja
368,562,s,False,295,74,False,163,False,132,True,55,False,19,4,3.25602006912,1.75493097305,0.300804138184,Naranja
369,374,s,True,296,74,True,164,False,132,False,55,False,19,5,2.34860396385,0.847408056259,0.300888061523,Purpura
370,227,n,True,297,74,False,164,True,133,False,55,False,19,2,2.15288496017,0.651767015457,0.401706933975,Purpura
371,163,s,False,297,75,False,164,False,133,True,56,False,19,5,2.45370101929,0.952558994293,0.401536941528,Purpura
372,344,s,True,298,75,True,165,False,133,False,56,False,19,5,2.04800200462,0.546874046326,0.802037000656,Verde
373,309,n,True,299,75,False,165,True,134,False,56,False,19,1,1.65191292763,0.150710821152,0.300913095474,Verde
374,433,s,True,300,75,True,166,False,134,False,56,False,19,6,2.14948606491,0.648414850235,0.300879001617,Azul
375,134,s,True,301,75,True,167,False,134,False,56,False,19,6,1.65160512924,0.15043592453,0.100843906403,Purpura
376,597,n,True,302,75,False,167,True,135,False,56,False,19,2,2.44968104362,0.948571920395,0.501301050186,Naranja
377,350,s,True,303,75,True,168,False,135,False,56,False,19,5,2.35115408897,0.850517988205,0.300719022751,Naranja
378,306,n,True,304,75,False,168,True,136,False,56,False,19,2,1.84779906273,0.346606969833,0.300729036331,Verde
379,545,n,True,305,75,False,168,True,137,False,56,False,19,3,2.5518579483,1.05138993263,0.401170015335,Azul
380,455,s,True,306,75,True,169,False,137,False,56,False,19,6,2.03881192207,0.537664890289,0.300863027573,Azul
381,527,n,True,307,75,False,169,True,138,False,56,False,19,3,2.84989500046,1.34883713722,0.501446962357,Naranja
382,205,n,True,308,75,False,169,True,139,False,56,False,19,3,1.64071702957,0.139594078064,0.200641155243,Azul
383,352,s,True,309,75,True,170,False,139,False,56,False,19,5,3.55512189865,2.05461001396,0.601795911789,Azul
384,126,s,True,310,75,True,171,False,139,False,56,False,19,5,1.95327806473,0.452164888382,0.401041030884,Naranja
385,610,n,True,311,75,False,171,True,140,False,56,False,19,3,3.45613503456,1.9556119442,0.702461004257,Naranja
386,172,s,False,311,76,False,171,False,140,True,57,False,19,6,2.84996700287,1.34879207611,0.200664997101,Verde
387,238,n,True,312,76,False,171,True,141,False,57,False,19,2,8.264097929,6.76297688484,0.30083489418,Naranja
388,358,n,False,312,77,False,171,False,141,False,57,True,20,2,2.74929690361,1.24822807312,0.200821876526,Purpura
389,587,n,True,313,77,False,171,True,142,False,57,False,20,2,2.05274295807,0.551593065262,0.301035881042,Azul
390,616,n,True,314,77,False,171,True,143,False,57,False,20,1,1.65037512779,0.149182081223,0.100461006165,Azul
391,275,n,True,315,77,False,171,True,144,False,57,False,20,2,1.64785289764,0.146677017212,0.802453041077,Purpura
392,476,s,True,316,77,True,172,False,144,False,57,False,20,6,1.8385078907,0.337384223938,0.300918102264,Naranja
393,413,s,True,317,77,True,173,False,144,False,57,False,20,6,1.84730696678,0.346148014069,0.40101313591,Naranja
394,38,s,True,318,77,True,174,False,144,False,57,False,20,6,1.95350599289,0.452427148819,0.301519870758,Purpura
395,356,s,True,319,77,True,175,False,144,False,57,False,20,5,2.25266194344,0.752189874649,0.401081085205,Naranja
396,522,s,False,319,78,False,175,False,144,True,58,False,20,4,2.4500579834,0.948925018311,0.300734043121,Purpura
397,31,s,True,320,78,True,176,False,144,False,58,False,20,5,2.15301704407,0.651864051819,0.300980091095,Verde
398,501,n,True,321,78,False,176,True,145,False,58,False,20,2,1.7523958683,0.251302957535,0.40109705925,Naranja
399,69,s,True,322,78,True,177,False,145,False,58,False,20,6,1.75221920013,0.25169801712,0.201462030411,Verde
400,87,s,True,323,78,True,178,False,145,False,58,False,20,5,2.35443019867,0.853228092194,0.301074028015,Azul
401,106,s,True,324,78,True,179,False,145,False,58,False,20,5,5.35593819618,3.85489010811,1.40369915962,Azul
402,416,s,True,325,78,True,180,False,145,False,58,False,20,4,2.35233092308,0.8518409729,0.300832986832,Naranja
403,354,s,True,326,78,True,181,False,145,False,58,False,20,5,2.6526081562,1.15192604065,0.300915956497,Verde
404,53,s,True,327,78,True,182,False,145,False,58,False,20,6,2.14137506485,0.640190124512,0.4017329216,Verde
405,582,n,True,328,78,False,182,True,146,False,58,False,20,1,1.6522629261,0.151759147644,0.300834178925,Verde
406,131,s,True,329,78,True,183,False,146,False,58,False,20,5,1.85159492493,0.350521087646,1.00261187553,Purpura
407,236,n,True,330,78,False,183,True,147,False,58,False,20,2,2.14209103584,0.641033172607,1.10292291641,Verde
408,515,n,True,331,78,False,183,True,148,False,58,False,20,3,2.45309495926,0.952044963837,0.50192117691,Verde
409,226,n,True,332,78,False,183,True,149,False,58,False,20,2,1.75174188614,0.250627994537,0.300905942917,Verde
410,141,s,True,333,78,True,184,False,149,False,58,False,20,6,2.04812908173,0.547037124634,0.300832033157,Azul
411,313,n,True,334,78,False,184,True,150,False,58,False,20,1,1.75190997124,0.25083899498,0.200600147247,Purpura
412,387,n,False,334,79,False,184,False,150,False,58,True,21,3,3.8563041687,2.35567712784,0.200549125671,Azul
413,362,s,True,335,79,True,185,False,150,False,58,False,21,4,2.75476694107,1.25358510017,0.702075958252,Azul
414,62,n,False,335,80,False,185,False,150,False,58,True,22,3,6.6637430191,5.16257190704,0.300826072693,Naranja
415,477,s,True,336,80,True,186,False,150,False,58,False,22,6,2.1556251049,0.654528141022,0.301009178162,Purpura
416,514,s,False,336,81,False,186,False,150,True,59,False,22,6,1.73776817322,0.236608028412,0.300896167755,Naranja
417,307,n,True,337,81,False,186,True,151,False,59,False,22,1,1.65140604973,0.150326013565,0.101750850677,Azul
418,28,s,True,338,81,True,187,False,151,False,59,False,22,5,2.85460591316,1.35344195366,0.300893068314,Verde
419,154,s,True,339,81,True,188,False,151,False,59,False,22,6,2.05269408226,0.551532030106,0.200634002686,Azul
420,246,n,True,340,81,False,188,True,152,False,59,False,22,1,1.84739613533,0.346349000931,0.300896167755,Purpura
421,157,s,True,341,81,True,189,False,152,False,59,False,22,6,1.65166711807,0.150507926941,0.300853967667,Azul
422,140,s,True,342,81,True,190,False,152,False,59,False,22,6,1.64735913277,0.14622592926,0.100365161896,Verde
423,39,s,True,343,81,True,191,False,152,False,59,False,22,6,1.95195388794,0.451088905334,0.200659990311,Azul
424,373,s,True,344,81,True,192,False,152,False,59,False,22,6,1.64817380905,0.147034168243,0.100483894348,Verde
425,19,s,True,345,81,True,193,False,152,False,59,False,22,4,2.54893398285,1.04776787758,0.300801038742,Purpura
426,381,s,True,346,81,True,194,False,152,False,59,False,22,6,2.05197000504,0.551460027695,0.2005879879,Azul
427,588,n,True,347,81,False,194,True,153,False,59,False,22,1,1.94739103317,0.446826934814,0.300987005234,Naranja
428,624,n,True,348,81,False,194,True,154,False,59,False,22,1,1.65230202675,0.151208877563,0.100286006927,Verde
429,77,s,True,349,81,True,195,False,154,False,59,False,22,6,2.34866714478,0.848500967026,0.200550079346,Azul
430,440,s,True,350,81,True,196,False,154,False,59,False,22,6,1.9495370388,0.44843506813,0.200595855713,Azul
431,544,n,True,351,81,False,196,True,155,False,59,False,22,1,1.75068092346,0.25017285347,0.300825834274,Verde
432,107,s,True,352,81,True,197,False,155,False,59,False,22,6,1.94769215584,0.446558952332,0.301048994064,Naranja
433,518,n,True,353,81,False,197,True,156,False,59,False,22,1,1.63927412033,0.138040065765,0.300817012787,Verde
434,513,s,False,353,82,False,197,False,156,True,60,False,22,5,2.44011497498,0.939003944397,0.802160024643,Azul
435,300,n,True,354,82,False,197,True,157,False,60,False,22,1,1.64686989784,0.145804166794,0.200680971146,Purpura
436,184,n,True,355,82,False,197,True,158,False,60,False,22,1,1.64013886452,0.139407157898,0.100823163986,Naranja
437,158,s,True,356,82,True,198,False,158,False,60,False,22,6,1.65163707733,0.150559902191,0.200516939163,Naranja
438,421,s,True,357,82,True,199,False,158,False,60,False,22,6,1.65069007874,0.149942874908,0.200756788254,Purpura
439,279,n,True,358,82,False,199,True,159,False,60,False,22,1,1.65136289597,0.150187015533,0.100905895233,Azul
440,594,n,True,359,82,False,199,True,160,False,60,False,22,1,1.64591813087,0.144757986069,0.30090379715,Naranja
441,220,s,False,359,83,False,199,False,160,True,61,False,22,5,1.85254096985,0.351474046707,0.501467943192,Verde
442,124,s,True,360,83,True,200,False,160,False,61,False,22,5,1.7507750988,0.249728918076,0.300789117813,Verde
443,207,n,True,361,83,False,200,True,161,False,61,False,22,2,1.64986395836,0.148694038391,1.10279488564,Verde
444,353,s,True,362,83,True,201,False,161,False,61,False,22,6,1.83905982971,0.337848901749,0.200591802597,Naranja
445,221,n,True,363,83,False,201,True,162,False,61,False,22,1,1.65233802795,0.152081012726,2.60689401627,Azul
446,292,n,True,364,83,False,201,True,163,False,61,False,22,1,1.75337290764,0.252302885056,0.301306009293,Azul
447,564,n,True,365,83,False,201,True,164,False,61,False,22,2,2.05299806595,0.551809072495,0.30104804039,Purpura
448,471,s,True,366,83,True,202,False,164,False,61,False,22,6,2.05388712883,0.552815198898,0.300909042358,Purpura
449,633,n,True,367,83,False,202,True,165,False,61,False,22,1,1.64588594437,0.144716024399,0.30087518692,Verde
450,9,s,True,368,83,True,203,False,165,False,61,False,22,6,2.64937090874,1.14824986458,0.200657129288,Purpura
451,629,n,True,369,83,False,203,True,166,False,61,False,22,1,1.65175580978,0.150531053543,1.50525712967,Naranja
452,431,s,True,370,83,True,204,False,166,False,61,False,22,6,1.65334606171,0.152285814285,0.301383018494,Naranja
453,347,s,True,371,83,True,205,False,166,False,61,False,22,6,1.94886684418,0.447829008102,0.300924777985,Verde
454,394,s,True,372,83,True,206,False,166,False,61,False,22,4,3.05136203766,1.55029296875,0.300909042358,Azul
455,371,s,True,373,83,True,207,False,166,False,61,False,22,5,1.94778108597,0.446681976318,0.200668096542,Azul
456,63,s,True,374,83,True,208,False,166,False,61,False,22,6,1.65166306496,0.150502920151,0.40128993988,Verde
457,115,s,True,375,83,True,209,False,166,False,61,False,22,6,1.65172410011,0.150543928146,0.300829172134,Purpura
458,244,n,True,376,83,False,209,True,167,False,61,False,22,1,2.14118695259,0.640048980713,0.401041030884,Azul
459,41,s,True,377,83,True,210,False,167,False,61,False,22,6,1.74724292755,0.246193885803,0.300862073898,Purpura
460,613,n,True,378,83,False,210,True,168,False,61,False,22,1,1.65051913261,0.150012016296,0.100441932678,Naranja
461,218,n,True,379,83,False,210,True,169,False,61,False,22,2,2.55439400673,1.05331897736,0.401315927505,Azul
462,49,s,True,380,83,True,211,False,169,False,61,False,22,6,1.64692592621,0.145794868469,0.501474142075,Naranja
463,2,s,True,381,83,True,212,False,169,False,61,False,22,5,2.45363783836,0.952442169189,0.301059007645,Verde
464,51,s,True,382,83,True,213,False,169,False,61,False,22,6,1.6469771862,0.145851135254,0.401114940643,Purpura
465,488,n,True,383,83,False,213,True,170,False,61,False,22,1,1.85149812698,0.35103392601,0.401167154312,Azul
466,291,n,True,384,83,False,213,True,171,False,61,False,22,1,1.65046000481,0.149299860001,0.101770877838,Purpura
467,296,n,True,385,83,False,213,True,172,False,61,False,22,1,1.65224313736,0.151168107986,0.10042309761,Naranja
468,499,s,False,385,84,False,213,False,172,True,62,False,22,6,2.24814295769,0.747004032135,1.50385499001,Verde
469,12,s,True,386,84,True,214,False,172,False,62,False,22,6,1.84024596214,0.339143037796,0.300842046738,Verde
470,405,s,True,387,84,True,215,False,172,False,62,False,22,6,1.84744501114,0.346300125122,0.401190042496,Verde
471,5,s,True,388,84,True,216,False,172,False,62,False,22,6,1.75178694725,0.251245975494,0.501879930496,Verde
472,80,s,True,389,84,True,217,False,172,False,62,False,22,6,1.9489428997,0.447769880295,0.301106929779,Purpura
473,462,s,True,390,84,True,218,False,172,False,62,False,22,6,1.7468791008,0.245713949203,0.401458024979,Azul
474,451,s,True,391,84,True,219,False,172,False,62,False,22,6,1.64677000046,0.145622014999,0.401268005371,Verde
475,166,n,True,392,84,False,219,True,173,False,62,False,22,1,1.75088906288,0.249701023102,0.40106678009,Purpura
476,250,n,True,393,84,False,219,True,174,False,62,False,22,2,1.94791507721,0.447157144547,0.401089906693,Azul
477,503,n,True,394,84,False,219,True,175,False,62,False,22,2,1.64596199989,0.144797801971,0.401078939438,Purpura
478,65,s,True,395,84,True,220,False,175,False,62,False,22,6,2.55520510674,1.05414009094,0.300972938538,Naranja
479,534,n,True,396,84,False,220,True,176,False,62,False,22,2,1.94777989388,0.446593046188,4.10991096497,Verde
480,326,n,False,396,85,False,220,False,176,False,62,True,23,2,1.94879603386,0.44760799408,0.30077290535,Purpura
481,52,s,True,397,85,True,221,False,176,False,62,False,23,4,2.5491399765,1.04803800583,0.300904989243,Azul
482,579,n,True,398,85,False,221,True,177,False,62,False,23,2,1.65071606636,0.14993596077,0.200626134872,Verde
483,327,s,True,399,85,True,222,False,177,False,62,False,23,5,3.04220294952,1.54105997086,0.300879001617,Naranja
484,258,n,True,400,85,False,222,True,178,False,62,False,23,1,1.65258002281,0.151422977448,0.100380182266,Verde
485,232,n,True,401,85,False,222,True,179,False,62,False,23,1,1.65161108971,0.150496959686,1.60425209999,Naranja
486,37,s,True,402,85,True,223,False,179,False,62,False,23,6,1.65321183205,0.15202999115,0.300962924957,Verde
487,286,n,True,403,85,False,223,True,180,False,62,False,23,1,1.65220594406,0.15142583847,0.701714992523,Naranja
488,55,s,True,404,85,True,224,False,180,False,62,False,23,6,1.8408870697,0.339784145355,0.401299953461,Azul
489,441,s,True,405,85,True,225,False,180,False,62,False,23,6,1.75089597702,0.250300884247,1.1027071476,Verde
490,121,s,True,406,85,True,226,False,180,False,62,False,23,6,1.6519370079,0.150722026825,0.100458145142,Purpura
491,183,n,True,407,85,False,226,True,181,False,62,False,23,1,1.64695692062,0.146034002304,0.300899982452,Azul
492,367,s,True,408,85,True,227,False,181,False,62,False,23,6,1.64696097374,0.145828962326,0.300899982452,Purpura
493,348,s,True,409,85,True,228,False,181,False,62,False,23,5,2.74857902527,1.24747204781,0.200716018677,Purpura
494,54,s,True,410,85,True,229,False,181,False,62,False,23,6,2.14150691032,0.640420913696,0.200726032257,Purpura
495,456,s,True,411,85,True,230,False,181,False,62,False,23,6,1.95022702217,0.449418067932,0.401113033295,Purpura
496,251,n,True,412,85,False,230,True,182,False,62,False,23,2,1.75179409981,0.250923156738,0.300893068314,Naranja
497,547,n,True,413,85,False,230,True,183,False,62,False,23,2,2.0519080162,0.551167011261,0.401679992676,Verde
498,212,n,True,414,85,False,230,True,184,False,62,False,23,2,1.64819908142,0.14691901207,0.301327943802,Azul
499,540,s,False,414,86,False,230,False,184,True,63,False,23,5,2.24954915047,0.748503923416,0.300900936127,Naranja
500,239,n,True,415,86,False,230,True,185,False,63,False,23,1,1.64018297195,0.139135837555,0.101943969727,Verde
501,380,s,True,416,86,True,231,False,185,False,63,False,23,6,2.05177903175,0.550904035568,0.20055603981,Purpura
502,271,n,True,417,86,False,231,True,186,False,63,False,23,1,1.64713001251,0.146000862122,1.70421099663,Verde
503,83,s,True,418,86,True,232,False,186,False,63,False,23,6,2.95572710037,1.45469498634,0.200733184814,Purpura
504,235,s,False,418,87,False,232,False,186,True,64,False,23,4,2.94989109039,1.44874715805,0.200661897659,Naranja
505,409,s,True,419,87,True,233,False,186,False,64,False,23,6,1.83961606026,0.338502168655,0.300992012024,Purpura
506,1,s,True,420,87,True,234,False,186,False,64,False,23,6,1.95337295532,0.452203035355,0.401126146317,Naranja
507,206,n,True,421,87,False,234,True,187,False,64,False,23,2,3.35121393204,1.85005688667,0.501335859299,Naranja
508,473,s,True,422,87,True,235,False,187,False,64,False,23,6,1.6475379467,0.147202968597,0.200942993164,Verde
509,551,n,True,423,87,False,235,True,188,False,64,False,23,1,1.65132904053,0.150666952133,0.100462198257,Purpura
510,636,n,True,424,87,False,235,True,189,False,64,False,23,1,2.05134797096,0.550868988037,0.300816059113,Azul
511,25,s,True,425,87,True,236,False,189,False,64,False,23,6,2.25313305855,0.752087831497,0.301106929779,Purpura
512,48,n,False,425,88,False,236,False,189,False,64,True,24,2,1.94764113426,0.446583032608,0.302109003067,Purpura
513,458,s,True,426,88,True,237,False,189,False,64,False,24,6,1.64753103256,0.146401882172,0.401077985764,Purpura
514,281,n,True,427,88,False,237,True,190,False,64,False,24,1,1.65202093124,0.15124297142,1.40358805656,Purpura
515,470,s,True,428,88,True,238,False,190,False,64,False,24,6,2.14923501015,0.648723840714,0.401540994644,Verde
516,475,s,True,429,88,True,239,False,190,False,64,False,24,6,1.65432810783,0.153175115585,0.30092716217,Azul
517,253,n,True,430,88,False,239,True,191,False,64,False,24,2,1.75174283981,0.250673770905,0.401241064072,Azul
518,148,s,True,431,88,True,240,False,191,False,64,False,24,6,1.85199689865,0.350842952728,0.401234149933,Azul
519,319,n,True,432,88,False,240,True,192,False,64,False,24,1,1.65214109421,0.151046037674,0.300812005997,Purpura
520,357,s,True,433,88,True,241,False,192,False,64,False,24,6,2.34812808037,0.846944093704,0.300966978073,Verde
521,340,s,True,434,88,True,242,False,192,False,64,False,24,4,2.94997096062,1.4488389492,0.601716995239,Naranja
522,180,s,False,434,89,False,242,False,192,True,65,False,24,6,1.74742102623,0.246212005615,0.501448869705,Azul
523,3,s,True,435,89,True,243,False,192,False,65,False,24,5,1.75181007385,0.250722169876,0.501394033432,Purpura
524,224,n,True,436,89,False,243,True,193,False,65,False,24,1,1.65275406837,0.151664018631,0.100409984589,Purpura
525,370,n,False,436,90,False,243,False,193,False,65,True,25,3,2.44907808304,0.947954893112,0.300740003586,Verde
526,186,n,True,437,90,False,243,True,194,False,65,False,25,2,2.25303006172,0.751873016357,0.300945997238,Azul
527,33,s,True,438,90,True,244,False,194,False,65,False,25,6,1.95269799232,0.451606988907,0.300848960876,Naranja
528,223,n,True,439,90,False,244,True,195,False,65,False,25,1,1.65142202377,0.1503469944,0.4012799263,Verde
529,75,s,True,440,90,True,245,False,195,False,65,False,25,6,1.64642214775,0.145243883133,0.401007890701,Naranja
530,178,s,False,440,91,False,245,False,195,True,66,False,25,5,2.54904580116,1.04872822762,0.501374006271,Verde
531,586,n,True,441,91,False,245,True,196,False,66,False,25,3,2.04853892326,0.547320842743,0.40110707283,Purpura
532,192,n,True,442,91,False,245,True,197,False,66,False,25,2,3.65701699257,2.15581798553,0.601758956909,Purpura
533,89,s,True,443,91,True,246,False,197,False,66,False,25,6,4.2583770752,2.75727510452,0.3008248806,Purpura
534,91,s,True,444,91,True,247,False,197,False,66,False,25,6,1.95243191719,0.451876878738,0.300820112228,Naranja
535,284,n,True,445,91,False,247,True,198,False,66,False,25,2,2.8544011116,1.35325407982,0.400949001312,Verde
536,129,s,True,446,91,True,248,False,198,False,66,False,25,6,1.75201296806,0.250926971436,0.300771951675,Naranja
537,469,s,True,447,91,True,249,False,198,False,66,False,25,6,1.64743709564,0.146260023117,0.300981998444,Naranja
538,618,n,True,448,91,False,249,True,199,False,66,False,25,1,2.05212903023,0.551213979721,0.300968885422,Purpura
539,550,n,True,449,91,False,249,True,200,False,66,False,25,1,1.63801002502,0.136888027191,0.300796985626,Verde
540,568,n,True,450,91,False,249,True,201,False,66,False,25,1,1.64707589149,0.146179914474,0.200520038605,Azul
541,445,s,True,451,91,True,250,False,201,False,66,False,25,6,1.8474881649,0.346504211426,0.401076078415,Purpura
542,386,s,True,452,91,True,251,False,201,False,66,False,25,6,1.65029597282,0.14986205101,0.300756931305,Verde
543,608,n,True,453,91,False,251,True,202,False,66,False,25,1,1.64583897591,0.144789218903,0.100892782211,Verde
544,581,n,True,454,91,False,251,True,203,False,66,False,25,1,1.63796401024,0.136773824692,0.200657129288,Naranja
545,295,n,True,455,91,False,251,True,204,False,66,False,25,1,1.65226602554,0.151191949844,1.50350189209,Azul
546,524,s,False,455,92,False,251,False,204,True,67,False,25,6,2.04796695709,0.546819925308,0.301061868668,Naranja
547,270,n,True,456,92,False,251,True,205,False,67,False,25,1,1.64656496048,0.145816802979,0.200876951218,Naranja
548,11,s,True,457,92,True,252,False,205,False,67,False,25,6,2.04837608337,0.547303915024,0.300927877426,Naranja
549,243,s,False,457,93,False,252,False,205,True,68,False,25,6,1.65216898918,0.151711940765,0.200644016266,Purpura
550,404,s,True,458,93,True,253,False,205,False,68,False,25,4,3.35038495064,1.84926390648,0.200647115707,Naranja
551,437,s,True,459,93,True,254,False,205,False,68,False,25,6,2.55013394356,1.04958701134,0.701843976974,Naranja
552,553,s,False,459,94,False,254,False,205,True,69,False,25,4,2.75099182129,1.24982595444,0.301033973694,Verde
553,521,s,False,459,95,False,254,False,205,True,70,False,25,4,2.15347719193,0.652434110641,0.401251077652,Verde
554,280,n,True,460,95,False,254,True,206,False,70,False,25,1,1.65154409409,0.150316953659,0.100416898727,Naranja
555,548,n,True,461,95,False,254,True,207,False,70,False,25,2,2.14854812622,0.64732503891,0.300859928131,Purpura
556,472,s,True,462,95,True,255,False,207,False,70,False,25,6,1.84805512428,0.34707903862,0.200786828995,Azul
557,165,n,True,463,95,False,255,True,208,False,70,False,25,3,2.4547829628,0.953568935394,0.602112054825,Verde
558,56,n,False,463,96,False,255,False,208,False,70,True,26,3,4.15347385406,2.65233588219,0.20075917244,Naranja
559,282,n,True,464,96,False,255,True,209,False,70,False,26,1,1.65204596519,0.150957107544,0.10040307045,Azul
560,7,s,True,465,96,True,256,False,209,False,70,False,26,6,2.35334420204,0.852214097977,0.300784111023,Azul
561,102,s,True,466,96,True,257,False,209,False,70,False,26,6,2.15294408798,0.652140140533,0.300904989243,Purpura
562,305,n,True,467,96,False,257,True,210,False,70,False,26,1,1.65162301064,0.150541067123,0.100422859192,Naranja
563,620,n,True,468,96,False,257,True,211,False,70,False,26,1,1.74716806412,0.24597287178,0.401120185852,Naranja
564,252,n,True,469,96,False,257,True,212,False,70,False,26,1,1.8521900177,0.351052045822,0.401252031326,Verde
565,450,s,True,470,96,True,258,False,212,False,70,False,26,6,1.95116019249,0.450483083725,0.401175022125,Naranja
566,593,n,True,471,96,False,258,True,213,False,70,False,26,1,1.6525387764,0.151407003403,0.300831079483,Azul
567,615,n,True,472,96,False,258,True,214,False,70,False,26,1,1.65083289146,0.150057792664,1.30316710472,Purpura
568,104,s,True,473,96,True,259,False,214,False,70,False,26,5,3.4561920166,1.95581388474,0.50125002861,Naranja
569,213,n,True,474,96,False,259,True,215,False,70,False,26,1,1.94825696945,0.44704580307,0.200630187988,Verde
570,127,s,True,475,96,True,260,False,215,False,70,False,26,5,1.7520430088,0.250899076462,0.200706958771,Verde
571,231,n,True,476,96,False,260,True,216,False,70,False,26,1,1.85203409195,0.350893974304,0.40109205246,Azul
572,139,s,True,477,96,True,261,False,216,False,70,False,26,6,1.65151906013,0.150464057922,0.100985050201,Naranja
573,312,n,True,478,96,False,261,True,217,False,70,False,26,1,1.84761786461,0.346564054489,0.902221918106,Verde
574,103,s,True,479,96,True,262,False,217,False,70,False,26,6,1.65152812004,0.150321960449,0.902420043945,Azul
575,382,s,True,480,96,True,263,False,217,False,70,False,26,5,2.2491710186,0.748056173325,0.30081486702,Naranja
576,8,s,True,481,96,True,264,False,217,False,70,False,26,5,2.05322098732,0.552165985107,0.40109705925,Naranja
577,320,n,True,482,96,False,264,True,218,False,70,False,26,1,1.6522769928,0.151211023331,0.20077085495,Azul
578,249,s,False,482,97,False,264,False,218,True,71,False,26,4,2.052932024,0.551836013794,0.401255130768,Purpura
579,122,s,True,483,97,True,265,False,218,False,71,False,26,6,2.05348300934,0.552303791046,0.300781965256,Azul
580,575,n,True,484,97,False,265,True,219,False,71,False,26,2,3.55537796021,2.05483007431,0.601420879364,Naranja
581,24,s,True,485,97,True,266,False,219,False,71,False,26,5,2.04816293716,0.54702091217,0.50150513649,Naranja
582,149,s,True,486,97,True,267,False,219,False,71,False,26,6,1.65281605721,0.151677846909,0.501535177231,Verde
583,173,n,True,487,97,False,267,True,220,False,71,False,26,1,2.04793715477,0.546787023544,0.300952911377,Azul
584,583,n,True,488,97,False,267,True,221,False,71,False,26,1,1.63919305801,0.138816833496,1.30340099335,Purpura
585,508,s,False,488,98,False,267,False,221,True,72,False,26,6,1.95443916321,0.453332185745,0.30081486702,Naranja
586,484,s,False,488,99,False,267,False,221,True,73,False,26,6,1.63803911209,0.136866092682,0.200751781464,Purpura
587,525,n,True,489,99,False,267,True,222,False,73,False,26,1,1.75181484222,0.250689983368,0.501431941986,Purpura
588,101,s,True,490,99,True,268,False,222,False,73,False,26,6,1.95239186287,0.451320171356,0.401139974594,Verde
589,572,n,True,491,99,False,268,True,223,False,73,False,26,2,2.24831795692,0.747245073318,0.402703046799,Naranja
590,299,n,True,492,99,False,268,True,224,False,73,False,26,1,1.64726901054,0.146106958389,0.300869941711,Naranja
591,569,s,False,492,100,False,268,False,224,True,74,False,26,4,2.45029091835,0.949234962463,0.60162115097,Verde
592,18,s,True,493,100,True,269,False,224,False,74,False,26,6,1.94073200226,0.439678907394,0.200655937195,Verde
593,385,s,True,494,100,True,270,False,224,False,74,False,26,6,2.15186810493,0.651261091232,0.200515031815,Naranja
594,156,s,True,495,100,True,271,False,224,False,74,False,26,6,1.65319514275,0.152099132538,1.00267291069,Verde
595,400,s,True,496,100,True,272,False,224,False,74,False,26,6,1.84839892387,0.347198009491,0.401228904724,Azul
596,315,n,True,497,100,False,272,True,225,False,74,False,26,1,1.6509449482,0.149785995483,0.100512981415,Verde
597,349,s,True,498,100,True,273,False,225,False,74,False,26,6,2.05058598518,0.55016708374,0.300911903381,Azul
598,552,n,True,499,100,False,273,True,226,False,74,False,26,1,1.75059580803,0.25009393692,0.200618982315,Azul
599,175,n,True,500,100,False,273,True,227,False,74,False,26,1,1.64695382118,0.145900011063,0.300817012787,Verde
600,50,s,True,501,100,True,274,False,227,False,74,False,26,6,1.64850091934,0.147341012955,0.501397132874,Verde
601,308,n,True,502,100,False,274,True,228,False,74,False,26,1,1.64704608917,0.145917892456,0.20062494278,Naranja
602,607,n,True,503,100,False,274,True,229,False,74,False,26,1,1.6496348381,0.148905992508,0.100383996964,Naranja
603,230,n,True,504,100,False,274,True,230,False,74,False,26,1,1.65410208702,0.152923107147,0.300893068314,Purpura
604,45,s,True,505,100,True,275,False,230,False,74,False,26,6,1.64698696136,0.145890951157,0.100443124771,Azul
605,630,n,True,506,100,False,275,True,231,False,74,False,26,1,1.64760613441,0.146447181702,1.40343999863,Verde
606,113,s,True,507,100,True,276,False,231,False,74,False,26,6,1.75166916847,0.250500917435,0.401193857193,Naranja
607,68,s,True,508,100,True,277,False,231,False,74,False,26,6,1.65268397331,0.151576042175,0.10095500946,Azul
608,189,n,True,509,100,False,277,True,232,False,74,False,26,1,1.65176820755,0.150712013245,0.200783014297,Azul
609,395,s,True,510,100,True,278,False,232,False,74,False,26,6,1.64755702019,0.146424055099,0.10040307045,Verde
610,403,s,True,511,100,True,279,False,232,False,74,False,26,6,1.65291023254,0.151741981506,0.300704956055,Azul
611,128,s,True,512,100,True,280,False,232,False,74,False,26,6,1.65232205391,0.151125907898,0.200669050217,Purpura
612,452,s,True,513,100,True,281,False,232,False,74,False,26,6,1.6504881382,0.149836063385,0.501393079758,Purpura
613,509,n,True,514,100,False,281,True,233,False,74,False,26,1,1.63745498657,0.13628077507,0.10036110878,Purpura
614,241,n,True,515,100,False,281,True,234,False,74,False,26,1,1.65186095238,0.150688886642,0.101947069168,Naranja
615,428,s,True,516,100,True,282,False,234,False,74,False,26,6,1.94765281677,0.446532964706,0.200603961945,Naranja
616,635,n,True,517,100,False,282,True,235,False,74,False,26,1,1.64981293678,0.148949146271,1.40400981903,Naranja
617,57,s,True,518,100,True,283,False,235,False,74,False,26,6,1.7507481575,0.24961400032,0.300913095474,Purpura
618,256,n,True,519,100,False,283,True,236,False,74,False,26,1,2.15353298187,0.65337896347,0.101886987686,Purpura
619,260,n,True,520,100,False,283,True,237,False,74,False,26,1,1.85335922241,0.352277994156,0.201166152954,Azul
620,351,s,True,521,100,True,284,False,237,False,74,False,26,5,1.94779396057,0.446621894836,0.300797939301,Purpura
621,432,s,True,522,100,True,285,False,237,False,74,False,26,6,1.84801101685,0.346903085709,0.300776958466,Verde
622,486,n,True,523,100,False,285,True,238,False,74,False,26,1,1.63892292976,0.137853860855,0.200711011887,Verde
623,288,n,True,524,100,False,285,True,239,False,74,False,26,1,1.65126109123,0.150104999542,0.100462913513,Purpura
624,592,n,True,525,100,False,285,True,240,False,74,False,26,1,1.64701104164,0.145829916,0.100358009338,Verde
625,438,s,True,526,100,True,286,False,240,False,74,False,26,6,1.64704298973,0.145878076553,0.200759887695,Verde
626,322,s,True,527,100,True,287,False,240,False,74,False,26,5,1.85109400749,0.350483894348,0.401669979095,Verde
627,598,n,True,528,100,False,287,True,241,False,74,False,26,1,1.6470041275,0.145889043808,0.100427865982,Verde
628,627,n,True,529,100,False,287,True,242,False,74,False,26,2,2.14913511276,0.647942066193,0.401745796204,Verde
629,215,n,True,530,100,False,287,True,243,False,74,False,26,1,1.94773006439,0.446586847305,0.300899982452,Azul
630,459,s,True,531,100,True,288,False,243,False,74,False,26,6,1.64823698997,0.147058010101,0.101985931396,Azul
631,153,s,True,532,100,True,289,False,243,False,74,False,26,6,1.65256881714,0.151409864426,0.301280975342,Purpura
632,88,s,True,533,100,True,290,False,243,False,74,False,26,6,1.64717006683,0.146837949753,0.100369930267,Naranja
633,133,s,True,534,100,True,291,False,243,False,74,False,26,6,1.65158390999,0.150360822678,0.200746059418,Verde
634,262,n,True,535,100,False,291,True,244,False,74,False,26,1,1.65047001839,0.149341106415,1.40319919586,Purpura
635,29,s,True,536,100,True,292,False,244,False,74,False,26,6,2.05233383179,0.551139831543,0.20073890686,Azul
636,72,s,True,537,100,True,293,False,244,False,74,False,26,6,1.65275502205,0.151601076126,0.401185035706,Naranja
637,599,n,True,538,100,False,293,True,245,False,74,False,26,1,1.64628696442,0.145188093185,0.902367115021,Purpura
638,314,n,True,539,100,False,293,True,246,False,74,False,26,1,2.45360612869,0.952518939972,0.401594877243,Azul
639,152,s,True,540,100,True,294,False,246,False,74,False,26,6,1.650400877,0.149344921112,0.300905227661,Naranja
2105.13656783